well_id,cell_id,grid_lat,grid_lon
0,14.25_78.25,14.25,78.25
1,14.25_77.0,14.25,77.0
2,14.75_77.25,14.75,77.25
3,14.75_77.5,14.75,77.5
4,14.0_77.25,14.0,77.25
5,14.25_77.5,14.25,77.5
6,14.5_77.75,14.5,77.75
7,15.0_77.75,15.0,77.75
8,15.0_77.5,15.0,77.5
9,14.0_78.0,14.0,78.0
10,14.0_77.25,14.0,77.25
11,14.0_77.25,14.0,77.25
12,14.25_78.0,14.25,78.0
13,14.0_78.0,14.0,78.0
14,14.0_77.75,14.0,77.75
15,14.0_77.5,14.0,77.5
16,14.75_76.75,14.75,76.75
17,15.0_78.0,15.0,78.0
18,14.25_78.25,14.25,78.25
19,15.0_77.5,15.0,77.5
20,14.75_77.5,14.75,77.5
21,15.0_78.0,15.0,78.0
22,13.5_79.0,13.5,79.0
23,13.5_80.0,13.5,80.0
24,13.5_79.0,13.5,79.0
25,13.25_78.75,13.25,78.75
26,13.5_79.25,13.5,79.25
27,13.25_79.0,13.25,79.0
28,13.75_79.25,13.75,79.25
29,13.75_79.25,13.75,79.25
30,13.0_78.5,13.0,78.5
31,14.0_78.75,14.0,78.75
32,14.25_78.75,14.25,78.75
33,14.0_79.0,14.0,79.0
34,14.75_78.5,14.75,78.5
35,14.0_79.0,14.0,79.0
36,15.0_78.25,15.0,78.25
37,17.5_82.0,17.5,82.0
38,16.75_81.75,16.75,81.75
39,17.0_81.75,17.0,81.75
40,17.0_81.75,17.0,81.75
41,17.0_82.0,17.0,82.0
42,17.25_81.75,17.25,81.75
43,17.25_82.25,17.25,82.25
44,16.75_82.0,16.75,82.0
45,17.0_82.25,17.0,82.25
46,16.75_82.0,16.75,82.0
47,17.5_81.75,17.5,81.75
48,16.75_81.75,16.75,81.75
49,17.25_82.25,17.25,82.25
50,17.0_82.0,17.0,82.0
51,17.5_82.25,17.5,82.25
52,17.25_81.75,17.25,81.75
53,17.0_82.25,17.0,82.25
54,16.75_82.25,16.75,82.25
55,16.25_80.5,16.25,80.5
56,16.25_80.5,16.25,80.5
57,16.5_79.75,16.5,79.75
58,16.25_79.75,16.25,79.75
59,16.5_80.25,16.5,80.25
60,16.25_80.25,16.25,80.25
61,16.5_80.0,16.5,80.0
62,16.0_80.75,16.0,80.75
63,16.25_80.25,16.25,80.25
64,16.5_80.25,16.5,80.25
65,16.25_80.25,16.25,80.25
66,16.5_79.5,16.5,79.5
67,16.5_80.25,16.5,80.25
68,16.0_80.75,16.0,80.75
69,16.25_80.75,16.25,80.75
70,16.5_80.0,16.5,80.0
71,16.5_80.25,16.5,80.25
72,15.25_78.75,15.25,78.75
73,15.5_77.25,15.5,77.25
74,15.75_77.5,15.75,77.5
75,15.25_78.5,15.25,78.5
76,15.75_77.5,15.75,77.5
77,15.75_77.5,15.75,77.5
78,15.5_77.0,15.5,77.0
79,16.0_77.25,16.0,77.25
80,16.0_78.25,16.0,78.25
81,15.5_77.25,15.5,77.25
82,15.75_78.25,15.75,78.25
83,15.0_78.5,15.0,78.5
84,15.75_78.25,15.75,78.25
85,15.75_78.5,15.75,78.5
86,15.5_78.0,15.5,78.0
87,15.5_78.0,15.5,78.0
88,16.0_78.75,16.0,78.75
89,15.75_77.5,15.75,77.5
90,15.25_77.75,15.25,77.75
91,14.75_79.25,14.75,79.25
92,14.0_80.25,14.0,80.25
93,14.75_80.0,14.75,80.0
94,15.0_80.0,15.0,80.0
95,14.5_80.0,14.5,80.0
96,14.0_79.75,14.0,79.75
97,14.25_80.0,14.25,80.0
98,14.75_80.25,14.75,80.25
99,14.25_80.0,14.25,80.0
100,15.75_79.75,15.75,79.75
101,16.0_79.5,16.0,79.5
102,15.25_80.0,15.25,80.0
103,15.5_80.0,15.5,80.0
104,15.5_79.0,15.5,79.0
105,15.75_80.25,15.75,80.25
106,16.0_79.5,16.0,79.5
107,18.5_84.0,18.5,84.0
108,18.75_84.5,18.75,84.5
109,18.75_84.0,18.75,84.0
110,19.0_84.75,19.0,84.75
111,18.25_84.0,18.25,84.0
112,19.0_84.5,19.0,84.5
113,18.5_84.0,18.5,84.0
114,18.5_83.75,18.5,83.75
115,18.75_84.25,18.75,84.25
116,18.75_84.0,18.75,84.0
117,18.25_84.0,18.25,84.0
118,18.25_83.75,18.25,83.75
119,18.75_83.75,18.75,83.75
120,18.5_84.25,18.5,84.25
121,18.5_84.25,18.5,84.25
122,17.5_82.75,17.5,82.75
123,18.25_82.75,18.25,82.75
124,17.75_83.0,17.75,83.0
125,18.0_83.5,18.0,83.5
126,18.25_82.75,18.25,82.75
127,18.0_82.75,18.0,82.75
128,17.5_82.75,17.5,82.75
129,17.5_82.75,17.5,82.75
130,17.5_82.75,17.5,82.75
131,18.25_83.0,18.25,83.0
132,17.75_82.25,17.75,82.25
133,17.75_82.5,17.75,82.5
134,17.75_82.5,17.75,82.5
135,17.75_82.75,17.75,82.75
136,17.75_82.5,17.75,82.5
137,18.0_82.75,18.0,82.75
138,17.75_82.25,17.75,82.25
139,17.75_83.25,17.75,83.25
140,17.5_82.75,17.5,82.75
141,17.75_82.75,17.75,82.75
142,17.75_83.0,17.75,83.0
143,18.5_83.5,18.5,83.5
144,18.5_83.25,18.5,83.25
145,18.5_83.5,18.5,83.5
146,19.0_83.75,19.0,83.75
147,18.0_83.5,18.0,83.5
148,19.0_83.5,19.0,83.5
149,19.0_83.5,19.0,83.5
150,18.0_83.25,18.0,83.25
151,18.5_83.25,18.5,83.25
152,18.0_83.5,18.0,83.5
153,18.75_83.25,18.75,83.25
154,18.5_83.25,18.5,83.25
155,18.0_83.5,18.0,83.5
156,16.75_81.0,16.75,81.0
157,17.0_81.0,17.0,81.0
158,16.5_81.75,16.5,81.75
159,17.0_81.75,17.0,81.75
160,17.0_81.0,17.0,81.0
161,16.5_81.5,16.5,81.5
162,16.5_81.75,16.5,81.75
163,13.25_79.75,13.25,79.75
164,17.75_81.0,17.75,81.0
165,17.75_81.0,17.75,81.0
166,17.75_81.75,17.75,81.75
167,17.75_81.25,17.75,81.25
168,26.25_90.5,26.25,90.5
169,25.0_93.0,25.0,93.0
170,25.0_92.75,25.0,92.75
171,26.0_90.75,26.0,90.75
172,26.25_91.5,26.25,91.5
173,26.0_92.0,26.0,92.0
174,26.25_93.75,26.25,93.75
175,26.25_94.0,26.25,94.0
176,26.25_92.25,26.25,92.25
177,26.25_92.75,26.25,92.75
178,26.25_92.75,26.25,92.75
179,26.25_93.0,26.25,93.0
180,26.5_93.0,26.5,93.0
181,27.5_95.75,27.5,95.75
182,27.5_96.0,27.5,96.0
183,27.5_95.25,27.5,95.25
184,21.0_78.25,21.0,78.25
185,21.25_78.0,21.25,78.0
186,20.75_77.75,20.75,77.75
187,21.5_77.5,21.5,77.5
188,21.5_76.75,21.5,76.75
189,21.25_78.0,21.25,78.0
190,20.75_78.25,20.75,78.25
191,21.5_77.0,21.5,77.0
192,21.5_78.0,21.5,78.0
193,21.25_78.0,21.25,78.0
194,21.5_77.25,21.5,77.25
195,21.0_78.0,21.0,78.0
196,21.5_77.0,21.5,77.0
197,21.0_77.75,21.0,77.75
198,21.5_78.0,21.5,78.0
199,21.25_77.75,21.25,77.75
200,21.5_77.5,21.5,77.5
201,21.0_78.0,21.0,78.0
202,21.0_77.75,21.0,77.75
203,21.5_78.25,21.5,78.25
204,19.25_75.75,19.25,75.75
205,18.75_76.25,18.75,76.25
206,19.0_75.25,19.0,75.25
207,19.0_76.0,19.0,76.0
208,18.75_75.5,18.75,75.5
209,18.75_76.5,18.75,76.5
210,19.0_76.25,19.0,76.25
211,19.0_76.0,19.0,76.0
212,21.25_79.75,21.25,79.75
213,21.5_79.75,21.5,79.75
214,21.25_79.75,21.25,79.75
215,21.0_79.75,21.0,79.75
216,21.5_79.5,21.5,79.5
217,21.25_79.5,21.25,79.5
218,21.25_79.75,21.25,79.75
219,20.75_80.0,20.75,80.0
220,21.0_79.75,21.0,79.75
221,20.75_79.5,20.75,79.5
222,20.75_79.75,20.75,79.75
223,21.25_80.0,21.25,80.0
224,21.0_80.0,21.0,80.0
225,21.5_79.75,21.5,79.75
226,21.25_79.75,21.25,79.75
227,21.25_79.75,21.25,79.75
228,19.75_79.75,19.75,79.75
229,19.75_79.25,19.75,79.25
230,19.75_79.75,19.75,79.75
231,20.5_79.75,20.5,79.75
232,20.5_79.25,20.5,79.25
233,20.0_79.5,20.0,79.5
234,20.5_79.5,20.5,79.5
235,20.25_79.25,20.25,79.25
236,19.5_79.5,19.5,79.5
237,20.5_79.5,20.5,79.5
238,19.75_79.5,19.75,79.5
239,19.75_79.5,19.75,79.5
240,20.25_79.25,20.25,79.25
241,20.25_79.25,20.25,79.25
242,20.5_79.75,20.5,79.75
243,20.75_79.75,20.75,79.75
244,20.0_79.75,20.0,79.75
245,20.5_79.75,20.5,79.75
246,20.0_79.5,20.0,79.5
247,20.25_79.75,20.25,79.75
248,20.5_79.0,20.5,79.0
249,20.25_79.0,20.25,79.0
250,20.0_79.75,20.0,79.75
251,20.75_79.5,20.75,79.5
252,20.25_79.25,20.25,79.25
253,19.75_79.25,19.75,79.25
254,20.0_80.0,20.0,80.0
255,20.5_79.25,20.5,79.25
256,19.75_79.5,19.75,79.5
257,20.0_80.0,20.0,80.0
258,19.5_79.75,19.5,79.75
259,20.25_80.0,20.25,80.0
260,20.75_80.25,20.75,80.25
261,19.75_80.0,19.75,80.0
262,19.75_79.75,19.75,79.75
263,20.5_80.25,20.5,80.25
264,20.75_80.0,20.75,80.0
265,20.5_80.0,20.5,80.0
266,21.5_80.5,21.5,80.5
267,21.5_80.25,21.5,80.25
268,21.25_80.25,21.25,80.25
269,21.25_80.25,21.25,80.25
270,21.25_79.75,21.25,79.75
271,21.0_80.0,21.0,80.0
272,21.5_80.25,21.5,80.25
273,21.0_80.0,21.0,80.0
274,21.0_80.0,21.0,80.0
275,21.5_80.0,21.5,80.0
276,21.0_80.0,21.0,80.0
277,16.0_74.25,16.0,74.25
278,17.0_73.75,17.0,73.75
279,16.5_74.0,16.5,74.0
280,16.25_74.25,16.25,74.25
281,16.25_74.5,16.25,74.5
282,16.0_74.25,16.0,74.25
283,16.75_74.25,16.75,74.25
284,16.5_74.25,16.5,74.25
285,16.0_74.25,16.0,74.25
286,16.0_74.25,16.0,74.25
287,16.25_74.0,16.25,74.0
288,16.75_74.0,16.75,74.0
289,16.75_74.0,16.75,74.0
290,16.75_74.0,16.75,74.0
291,15.75_74.25,15.75,74.25
292,16.25_74.25,16.25,74.25
293,16.5_74.0,16.5,74.0
294,16.5_74.25,16.5,74.25
295,16.75_74.5,16.75,74.5
296,16.5_74.25,16.5,74.25
297,16.25_74.25,16.25,74.25
298,16.75_74.25,16.75,74.25
299,19.0_72.75,19.0,72.75
300,19.25_73.0,19.25,73.0
301,21.0_79.0,21.0,79.0
302,21.25_79.25,21.25,79.25
303,21.25_78.75,21.25,78.75
304,21.25_79.0,21.25,79.0
305,21.0_78.75,21.0,78.75
306,21.5_79.0,21.5,79.0
307,21.5_79.0,21.5,79.0
308,21.5_79.0,21.5,79.0
309,21.25_79.0,21.25,79.0
310,21.25_79.25,21.25,79.25
311,21.0_79.25,21.0,79.25
312,21.5_79.25,21.5,79.25
313,21.5_79.25,21.5,79.25
314,21.25_78.75,21.25,78.75
315,21.25_79.25,21.25,79.25
316,21.25_79.0,21.25,79.0
317,19.5_72.75,19.5,72.75
318,19.5_72.75,19.5,72.75
319,20.0_73.0,20.0,73.0
320,20.0_72.75,20.0,72.75
321,19.5_72.75,19.5,72.75
322,20.25_73.0,20.25,73.0
323,20.0_73.0,20.0,73.0
324,20.0_73.25,20.0,73.25
325,20.0_73.0,20.0,73.0
326,20.0_73.0,20.0,73.0
327,19.25_74.25,19.25,74.25
328,18.25_74.75,18.25,74.75
329,18.0_74.5,18.0,74.5
330,18.0_74.5,18.0,74.5
331,18.25_74.25,18.25,74.25
332,19.25_73.75,19.25,73.75
333,18.25_74.25,18.25,74.25
334,18.5_73.5,18.5,73.5
335,18.75_73.5,18.75,73.5
336,19.0_74.0,19.0,74.0
337,19.25_74.0,19.25,74.0
338,18.0_75.0,18.0,75.0
339,19.25_74.0,19.25,74.0
340,18.75_74.0,18.75,74.0
341,18.5_74.5,18.5,74.5
342,18.0_74.25,18.0,74.25
343,18.5_73.75,18.5,73.75
344,18.75_74.0,18.75,74.0
345,18.25_74.0,18.25,74.0
346,18.25_73.75,18.25,73.75
347,18.25_73.75,18.25,73.75
348,18.25_73.25,18.25,73.25
349,19.0_73.0,19.0,73.0
350,18.5_73.0,18.5,73.0
351,19.0_73.25,19.0,73.25
352,18.75_73.0,18.75,73.0
353,18.0_73.0,18.0,73.0
354,18.75_73.25,18.75,73.25
355,18.5_73.0,18.5,73.0
356,18.25_73.25,18.25,73.25
357,18.5_73.25,18.5,73.25
358,18.0_73.5,18.0,73.5
359,18.0_73.0,18.0,73.0
360,18.0_73.5,18.0,73.5
361,18.25_73.5,18.25,73.5
362,18.75_73.0,18.75,73.0
363,17.75_73.5,17.75,73.5
364,17.25_73.25,17.25,73.25
365,17.25_73.5,17.25,73.5
366,17.25_73.5,17.25,73.5
367,17.5_73.5,17.5,73.5
368,17.75_73.25,17.75,73.25
369,17.75_73.25,17.75,73.25
370,17.5_73.25,17.5,73.25
371,17.5_73.5,17.5,73.5
372,17.25_73.5,17.25,73.5
373,17.75_73.25,17.75,73.25
374,17.75_73.5,17.75,73.5
375,17.75_73.25,17.75,73.25
376,17.0_73.5,17.0,73.5
377,18.0_73.5,18.0,73.5
378,17.5_73.25,17.5,73.25
379,18.0_73.25,18.0,73.25
380,18.0_73.25,18.0,73.25
381,18.0_73.25,18.0,73.25
382,17.75_73.5,17.75,73.5
383,17.5_73.25,17.5,73.25
384,17.0_73.25,17.0,73.25
385,17.5_73.75,17.5,73.75
386,16.75_73.5,16.75,73.5
387,17.75_73.25,17.75,73.25
388,17.75_73.25,17.75,73.25
389,17.5_74.25,17.5,74.25
390,17.75_74.25,17.75,74.25
391,17.5_73.75,17.5,73.75
392,17.75_74.5,17.75,74.5
393,18.25_74.0,18.25,74.0
394,18.0_74.0,18.0,74.0
395,16.25_73.5,16.25,73.5
396,16.0_73.75,16.0,73.75
397,16.0_74.0,16.0,74.0
398,16.5_73.5,16.5,73.5
399,15.75_74.0,15.75,74.0
400,16.25_73.5,16.25,73.5
401,15.75_73.75,15.75,73.75
402,16.25_73.75,16.25,73.75
403,16.0_73.75,16.0,73.75
404,16.0_73.5,16.0,73.5
405,16.0_73.5,16.0,73.5
406,16.0_73.75,16.0,73.75
407,15.75_73.75,15.75,73.75
408,16.5_73.75,16.5,73.75
409,16.25_73.5,16.25,73.5
410,16.25_73.5,16.25,73.5
411,16.25_73.5,16.25,73.5
412,16.0_73.75,16.0,73.75
413,16.5_73.5,16.5,73.5
414,16.5_73.75,16.5,73.75
415,16.0_73.75,16.0,73.75
416,16.5_73.5,16.5,73.5
417,15.75_73.75,15.75,73.75
418,16.5_73.25,16.5,73.25
419,16.5_73.5,16.5,73.5
420,16.0_73.75,16.0,73.75
421,19.25_73.0,19.25,73.0
422,20.0_73.25,20.0,73.25
423,19.25_73.0,19.25,73.0
424,19.5_73.25,19.5,73.25
425,19.0_73.0,19.0,73.0
426,19.75_73.0,19.75,73.0
427,19.5_73.25,19.5,73.25
428,20.0_73.0,20.0,73.0
429,19.25_73.25,19.25,73.25
430,19.25_73.25,19.25,73.25
431,19.5_73.5,19.5,73.5
432,19.75_73.0,19.75,73.0
433,20.0_73.25,20.0,73.25
434,19.5_73.5,19.5,73.5
435,19.75_73.0,19.75,73.0
436,20.75_79.0,20.75,79.0
437,20.5_78.75,20.5,78.75
438,21.25_78.25,21.25,78.25
439,20.5_78.5,20.5,78.5
440,20.75_78.5,20.75,78.5
441,20.75_78.5,20.75,78.5
442,20.5_78.75,20.5,78.75
443,21.25_78.25,21.25,78.25
444,20.75_79.0,20.75,79.0
445,20.75_79.0,20.75,79.0
446,20.5_78.5,20.5,78.5
447,20.5_78.75,20.5,78.75
448,21.0_78.75,21.0,78.75
449,20.75_79.0,20.75,79.0
450,21.0_78.5,21.0,78.5
451,20.75_78.75,20.75,78.75
452,21.25_78.5,21.25,78.5
453,20.5_78.75,20.5,78.75
454,20.5_79.0,20.5,79.0
455,20.75_79.0,20.75,79.0
456,20.5_78.75,20.5,78.75
457,20.75_78.5,20.75,78.5
458,20.75_78.5,20.75,78.5
459,20.5_79.0,20.5,79.0
460,20.75_78.5,20.75,78.5
461,26.0_79.0,26.0,79.0
462,26.25_79.0,26.25,79.0
463,23.75_76.0,23.75,76.0
464,23.75_75.75,23.75,75.75
465,24.0_76.25,24.0,76.25
466,23.75_75.75,23.75,75.75
467,24.25_76.25,24.25,76.25
468,22.25_74.25,22.25,74.25
469,22.25_74.25,22.25,74.25
470,22.25_74.25,22.25,74.25
471,22.5_74.25,22.5,74.25
472,23.0_81.75,23.0,81.75
473,23.25_82.0,23.25,82.0
474,23.0_81.5,23.0,81.5
475,23.25_82.0,23.25,82.0
476,23.0_82.0,23.0,82.0
477,22.75_81.75,22.75,81.75
478,23.0_81.5,23.0,81.5
479,24.5_77.75,24.5,77.75
480,24.25_78.0,24.25,78.0
481,24.75_78.25,24.75,78.25
482,24.75_78.25,24.75,78.25
483,24.75_77.75,24.75,77.75
484,24.5_78.0,24.5,78.0
485,24.75_78.0,24.75,78.0
486,22.25_80.25,22.25,80.25
487,22.0_80.5,22.0,80.5
488,22.25_80.75,22.25,80.75
489,21.5_80.5,21.5,80.5
490,21.5_79.75,21.5,79.75
491,22.0_80.75,22.0,80.75
492,21.75_79.75,21.75,79.75
493,22.25_80.75,22.25,80.75
494,21.75_79.75,21.75,79.75
495,21.75_80.0,21.75,80.0
496,22.0_80.25,22.0,80.25
497,21.75_79.75,21.75,79.75
498,22.25_80.75,22.25,80.75
499,21.75_80.0,21.75,80.0
500,22.25_80.25,22.25,80.25
501,21.75_80.0,21.75,80.0
502,22.25_80.25,22.25,80.25
503,21.75_80.75,21.75,80.75
504,22.0_80.5,22.0,80.5
505,21.75_75.25,21.75,75.25
506,22.0_75.25,22.0,75.25
507,21.75_75.25,21.75,75.25
508,21.5_78.0,21.5,78.0
509,21.75_77.75,21.75,77.75
510,22.25_77.75,22.25,77.75
511,22.0_78.5,22.0,78.5
512,21.5_77.75,21.5,77.75
513,21.75_77.75,21.75,77.75
514,21.75_78.25,21.75,78.25
515,21.75_78.5,21.75,78.5
516,21.75_78.0,21.75,78.0
517,21.5_77.75,21.5,77.75
518,21.75_78.25,21.75,78.25
519,22.0_78.25,22.0,78.25
520,21.75_78.0,21.75,78.0
521,22.25_78.0,22.25,78.0
522,26.75_78.75,26.75,78.75
523,26.25_78.75,26.25,78.75
524,26.5_78.5,26.5,78.5
525,23.5_77.5,23.5,77.5
526,23.25_77.5,23.25,77.5
527,23.25_77.5,23.25,77.5
528,23.75_77.25,23.75,77.25
529,21.5_76.25,21.5,76.25
530,21.25_76.25,21.25,76.25
531,21.25_76.25,21.25,76.25
532,21.5_76.5,21.5,76.5
533,24.75_79.5,24.75,79.5
534,24.25_79.25,24.25,79.25
535,25.0_80.25,25.0,80.25
536,24.75_80.0,24.75,80.0
537,24.75_79.75,24.75,79.75
538,25.25_80.25,25.25,80.25
539,24.75_79.25,24.75,79.25
540,24.5_79.5,24.5,79.5
541,24.75_79.75,24.75,79.75
542,25.0_79.75,25.0,79.75
543,24.75_79.5,24.75,79.5
544,25.0_79.75,25.0,79.75
545,25.0_79.5,25.0,79.5
546,24.5_79.75,24.5,79.75
547,24.5_79.25,24.5,79.25
548,25.25_80.25,25.25,80.25
549,24.5_79.25,24.5,79.25
550,24.5_79.5,24.5,79.5
551,21.5_78.5,21.5,78.5
552,22.0_79.25,22.0,79.25
553,22.5_78.75,22.5,78.75
554,21.75_79.0,21.75,79.0
555,22.25_78.5,22.25,78.5
556,22.25_78.5,22.25,78.5
557,22.75_79.25,22.75,79.25
558,22.25_78.75,22.25,78.75
559,22.0_79.0,22.0,79.0
560,22.5_78.5,22.5,78.5
561,21.75_78.5,21.75,78.5
562,21.5_78.75,21.5,78.75
563,21.5_78.75,21.5,78.75
564,22.25_79.25,22.25,79.25
565,22.5_78.5,22.5,78.5
566,22.0_78.75,22.0,78.75
567,21.75_79.0,21.75,79.0
568,21.75_78.75,21.75,78.75
569,21.75_78.75,21.75,78.75
570,22.25_79.0,22.25,79.0
571,23.75_79.5,23.75,79.5
572,23.75_79.5,23.75,79.5
573,24.25_79.75,24.25,79.75
574,24.25_79.75,24.25,79.75
575,24.0_79.5,24.0,79.5
576,23.5_79.75,23.5,79.75
577,23.5_79.75,23.5,79.75
578,24.0_79.75,24.0,79.75
579,24.0_79.5,24.0,79.5
580,24.0_79.75,24.0,79.75
581,24.0_79.5,24.0,79.5
582,23.5_79.5,23.5,79.5
583,25.75_78.75,25.75,78.75
584,25.75_78.5,25.75,78.5
585,26.0_78.75,26.0,78.75
586,25.75_78.5,25.75,78.5
587,22.75_76.25,22.75,76.25
588,22.75_76.25,22.75,76.25
589,22.5_76.25,22.5,76.25
590,23.0_76.25,23.0,76.25
591,22.75_76.5,22.75,76.5
592,22.75_76.5,22.75,76.5
593,23.0_76.0,23.0,76.0
594,22.75_76.75,22.75,76.75
595,22.5_76.5,22.5,76.5
596,22.75_76.25,22.75,76.25
597,22.25_75.5,22.25,75.5
598,22.75_76.25,22.75,76.25
599,22.5_77.0,22.5,77.0
600,22.5_76.25,22.5,76.25
601,22.5_76.25,22.5,76.25
602,23.0_76.25,23.0,76.25
603,22.5_74.75,22.5,74.75
604,22.5_75.0,22.5,75.0
605,23.0_75.25,23.0,75.25
606,22.75_75.25,22.75,75.25
607,22.5_75.25,22.5,75.25
608,22.25_75.25,22.25,75.25
609,22.25_74.75,22.25,74.75
610,22.25_75.0,22.25,75.0
611,22.25_75.5,22.25,75.5
612,22.75_75.0,22.75,75.0
613,23.0_75.0,23.0,75.0
614,22.75_75.0,22.75,75.0
615,22.25_75.0,22.25,75.0
616,22.5_75.0,22.5,75.0
617,23.0_81.0,23.0,81.0
618,22.75_81.25,22.75,81.25
619,22.75_81.5,22.75,81.5
620,22.75_81.5,22.75,81.5
621,23.25_80.75,23.25,80.75
622,23.0_81.0,23.0,81.0
623,23.25_80.75,23.25,80.75
624,21.75_76.5,21.75,76.5
625,22.0_76.75,22.0,76.75
626,21.75_76.25,21.75,76.25
627,22.0_76.5,22.0,76.5
628,22.0_76.5,22.0,76.5
629,21.75_76.75,21.75,76.75
630,22.25_76.25,22.25,76.25
631,21.75_76.75,21.75,76.75
632,21.75_76.25,21.75,76.25
633,22.0_76.5,22.0,76.5
634,21.75_76.25,21.75,76.25
635,22.0_76.25,22.0,76.25
636,24.75_77.25,24.75,77.25
637,24.25_77.25,24.25,77.25
638,24.25_77.0,24.25,77.0
639,24.25_77.0,24.25,77.0
640,24.75_77.25,24.75,77.25
641,26.0_78.0,26.0,78.0
642,26.25_78.5,26.25,78.5
643,26.0_77.75,26.0,77.75
644,26.0_78.0,26.0,78.0
645,26.25_78.25,26.25,78.25
646,25.75_78.0,25.75,78.0
647,26.0_77.75,26.0,77.75
648,26.0_77.75,26.0,77.75
649,22.5_77.25,22.5,77.25
650,22.5_77.0,22.5,77.0
651,22.25_77.0,22.25,77.0
652,22.25_77.25,22.25,77.25
653,22.25_77.25,22.25,77.25
654,22.75_78.0,22.75,78.0
655,22.5_77.5,22.5,77.5
656,22.5_78.5,22.5,78.5
657,22.5_78.5,22.5,78.5
658,23.0_78.25,23.0,78.25
659,22.75_77.75,22.75,77.75
660,22.75_78.0,22.75,78.0
661,22.5_77.5,22.5,77.5
662,22.75_78.25,22.75,78.25
663,22.5_77.75,22.5,77.75
664,22.5_77.75,22.5,77.75
665,22.5_75.75,22.5,75.75
666,22.5_76.0,22.5,76.0
667,23.0_75.75,23.0,75.75
668,23.0_79.75,23.0,79.75
669,23.25_80.25,23.25,80.25
670,23.5_80.0,23.5,80.0
671,23.25_79.75,23.25,79.75
672,23.0_74.75,23.0,74.75
673,22.75_74.5,22.75,74.5
674,23.0_74.75,23.0,74.75
675,22.75_74.5,22.75,74.5
676,23.0_74.5,23.0,74.5
677,22.75_74.5,22.75,74.5
678,23.75_80.5,23.75,80.5
679,24.0_80.75,24.0,80.75
680,23.75_80.5,23.75,80.5
681,24.0_80.25,24.0,80.25
682,23.75_80.5,23.75,80.5
683,23.75_80.75,23.75,80.75
684,23.75_80.75,23.75,80.75
685,23.75_80.25,23.75,80.25
686,23.75_80.5,23.75,80.5
687,23.75_80.75,23.75,80.75
688,24.0_80.25,24.0,80.25
689,24.0_80.75,24.0,80.75
690,23.5_80.25,23.5,80.25
691,22.5_80.5,22.5,80.5
692,22.5_80.75,22.5,80.75
693,22.75_80.5,22.75,80.5
694,22.75_80.25,22.75,80.25
695,22.75_80.5,22.75,80.5
696,22.75_80.5,22.75,80.5
697,22.5_80.25,22.5,80.25
698,23.0_80.5,23.0,80.5
699,22.5_80.0,22.5,80.0
700,23.0_80.5,23.0,80.5
701,22.5_80.5,22.5,80.5
702,22.5_80.5,22.5,80.5
703,22.5_80.5,22.5,80.5
704,22.5_80.75,22.5,80.75
705,24.5_75.75,24.5,75.75
706,24.5_75.75,24.5,75.75
707,24.25_75.5,24.25,75.5
708,24.0_75.25,24.0,75.25
709,24.5_75.75,24.5,75.75
710,24.5_75.75,24.5,75.75
711,24.0_75.0,24.0,75.0
712,24.25_75.5,24.25,75.5
713,24.5_75.75,24.5,75.75
714,24.25_75.75,24.25,75.75
715,24.0_75.5,24.0,75.5
716,24.25_75.0,24.25,75.0
717,24.0_75.0,24.0,75.0
718,24.25_75.0,24.25,75.0
719,24.0_75.0,24.0,75.0
720,24.25_75.0,24.25,75.0
721,24.25_75.75,24.25,75.75
722,24.0_75.5,24.0,75.5
723,24.0_75.75,24.0,75.75
724,26.5_77.5,26.5,77.5
725,26.25_77.5,26.25,77.5
726,26.25_77.75,26.25,77.75
727,26.25_77.25,26.25,77.25
728,23.0_79.0,23.0,79.0
729,23.0_78.75,23.0,78.75
730,23.25_79.0,23.25,79.0
731,23.25_78.75,23.25,78.75
732,24.25_75.25,24.25,75.25
733,24.5_75.0,24.5,75.0
734,24.5_75.25,24.5,75.25
735,24.5_75.5,24.5,75.5
736,24.5_74.75,24.5,74.75
737,24.5_75.0,24.5,75.0
738,24.5_74.75,24.5,74.75
739,25.0_75.25,25.0,75.25
740,24.5_75.5,24.5,75.5
741,24.75_75.0,24.75,75.0
742,25.0_75.25,25.0,75.25
743,25.0_80.25,25.0,80.25
744,24.5_80.0,24.5,80.0
745,24.5_80.25,24.5,80.25
746,24.75_80.0,24.75,80.0
747,24.5_80.25,24.5,80.25
748,24.0_80.25,24.0,80.25
749,24.5_80.25,24.5,80.25
750,24.25_80.0,24.25,80.0
751,24.75_80.25,24.75,80.25
752,24.75_80.25,24.75,80.25
753,24.25_80.25,24.25,80.25
754,23.0_78.0,23.0,78.0
755,23.0_77.75,23.0,77.75
756,23.5_78.25,23.5,78.25
757,23.25_78.0,23.25,78.0
758,23.0_78.75,23.0,78.75
759,23.5_78.25,23.5,78.25
760,23.0_77.75,23.0,77.75
761,23.0_77.75,23.0,77.75
762,23.0_78.5,23.0,78.5
763,23.5_78.25,23.5,78.25
764,23.5_77.75,23.5,77.75
765,23.25_78.0,23.25,78.0
766,24.0_77.0,24.0,77.0
767,24.0_77.0,24.0,77.0
768,24.0_76.5,24.0,76.5
769,23.75_77.0,23.75,77.0
770,23.75_77.0,23.75,77.0
771,24.0_76.5,24.0,76.5
772,24.25_76.25,24.25,76.25
773,23.75_77.0,23.75,77.0
774,23.5_76.5,23.5,76.5
775,23.75_75.5,23.75,75.5
776,23.5_75.0,23.5,75.0
777,23.75_75.0,23.75,75.0
778,23.25_74.75,23.25,74.75
779,23.25_74.75,23.25,74.75
780,23.5_75.0,23.5,75.0
781,23.25_74.75,23.25,74.75
782,23.75_75.5,23.75,75.5
783,25.0_81.25,25.0,81.25
784,24.75_82.0,24.75,82.0
785,24.75_82.0,24.75,82.0
786,24.75_81.75,24.75,81.75
787,24.75_82.0,24.75,82.0
788,25.0_81.25,25.0,81.25
789,24.5_81.5,24.5,81.5
790,24.5_81.5,24.5,81.5
791,24.75_81.25,24.75,81.25
792,24.75_81.25,24.75,81.25
793,24.5_81.75,24.5,81.75
794,25.0_81.75,25.0,81.75
795,24.0_79.0,24.0,79.0
796,24.0_78.75,24.0,78.75
797,23.5_79.0,23.5,79.0
798,23.75_79.25,23.75,79.25
799,23.75_79.25,23.75,79.25
800,24.25_79.25,24.25,79.25
801,23.75_78.5,23.75,78.5
802,23.75_78.5,23.75,78.5
803,24.0_78.5,24.0,78.5
804,23.5_78.75,23.5,78.75
805,24.25_78.25,24.25,78.25
806,24.25_78.5,24.25,78.5
807,24.0_78.5,24.0,78.5
808,23.75_79.0,23.75,79.0
809,24.0_79.0,24.0,79.0
810,23.75_79.0,23.75,79.0
811,23.75_78.75,23.75,78.75
812,24.25_79.0,24.25,79.0
813,23.75_78.75,23.75,78.75
814,23.75_78.75,23.75,78.75
815,23.75_78.5,23.75,78.5
816,24.25_79.0,24.25,79.0
817,24.0_80.5,24.0,80.5
818,24.75_81.0,24.75,81.0
819,25.0_80.75,25.0,80.75
820,24.5_81.0,24.5,81.0
821,24.25_81.0,24.25,81.0
822,24.5_80.5,24.5,80.5
823,24.25_81.0,24.25,81.0
824,24.75_80.75,24.75,80.75
825,24.25_80.75,24.25,80.75
826,25.0_80.75,25.0,80.75
827,25.0_80.75,25.0,80.75
828,24.5_81.0,24.5,81.0
829,24.5_80.5,24.5,80.5
830,25.0_80.75,25.0,80.75
831,24.5_80.5,24.5,80.5
832,24.25_80.5,24.25,80.5
833,24.5_80.75,24.5,80.75
834,24.5_80.75,24.5,80.75
835,24.5_81.0,24.5,81.0
836,24.25_80.75,24.25,80.75
837,24.5_80.75,24.5,80.75
838,24.75_80.5,24.75,80.5
839,24.25_80.75,24.25,80.75
840,23.25_77.0,23.25,77.0
841,23.0_77.0,23.0,77.0
842,23.25_77.0,23.25,77.0
843,23.0_77.0,23.0,77.0
844,22.75_77.25,22.75,77.25
845,23.25_77.0,23.25,77.0
846,22.0_79.75,22.0,79.75
847,22.25_80.0,22.25,80.0
848,22.75_79.75,22.75,79.75
849,22.0_79.75,22.0,79.75
850,22.5_79.5,22.5,79.5
851,22.25_79.75,22.25,79.75
852,22.0_79.75,22.0,79.75
853,22.75_79.75,22.75,79.75
854,22.75_80.0,22.75,80.0
855,22.75_79.75,22.75,79.75
856,22.5_79.5,22.5,79.5
857,22.0_79.75,22.0,79.75
858,22.25_79.75,22.25,79.75
859,22.5_79.75,22.5,79.75
860,21.75_79.5,21.75,79.5
861,22.5_79.75,22.5,79.75
862,22.75_80.0,22.75,80.0
863,22.5_79.5,22.5,79.5
864,22.75_80.25,22.75,80.25
865,22.75_79.75,22.75,79.75
866,22.25_80.0,22.25,80.0
867,22.0_79.5,22.0,79.5
868,21.75_79.5,21.75,79.5
869,22.25_79.5,22.25,79.5
870,22.25_80.0,22.25,80.0
871,23.75_81.5,23.75,81.5
872,23.25_81.75,23.25,81.75
873,23.5_81.75,23.5,81.75
874,23.25_81.5,23.25,81.5
875,23.5_81.5,23.5,81.5
876,23.75_81.25,23.75,81.25
877,23.75_81.5,23.75,81.5
878,24.0_81.5,24.0,81.5
879,23.75_81.75,23.75,81.75
880,23.25_81.5,23.25,81.5
881,24.0_81.25,24.0,81.25
882,23.25_76.75,23.25,76.75
883,23.25_76.75,23.25,76.75
884,23.5_76.5,23.5,76.5
885,23.5_76.25,23.5,76.25
886,23.5_76.75,23.5,76.75
887,23.25_76.25,23.25,76.25
888,25.5_77.0,25.5,77.0
889,25.5_77.25,25.5,77.25
890,25.5_77.25,25.5,77.25
891,26.0_77.0,26.0,77.0
892,25.75_76.75,25.75,76.75
893,26.0_77.25,26.0,77.25
894,25.5_78.25,25.5,78.25
895,25.0_77.5,25.0,77.5
896,25.5_77.75,25.5,77.75
897,25.5_77.5,25.5,77.5
898,25.5_78.0,25.5,78.0
899,25.5_78.25,25.5,78.25
900,25.75_78.0,25.75,78.0
901,25.0_78.0,25.0,78.0
902,25.25_78.25,25.25,78.25
903,25.5_77.25,25.5,77.25
904,25.5_78.0,25.5,78.0
905,25.5_77.75,25.5,77.75
906,25.25_78.0,25.25,78.0
907,25.5_77.5,25.5,77.5
908,24.5_82.25,24.5,82.25
909,24.25_81.5,24.25,81.5
910,24.5_82.25,24.5,82.25
911,24.25_82.0,24.25,82.0
912,24.25_81.75,24.25,81.75
913,24.5_81.75,24.5,81.75
914,24.5_82.0,24.5,82.0
915,24.0_81.75,24.0,81.75
916,24.0_81.75,24.0,81.75
917,24.5_82.0,24.5,82.0
918,24.5_82.0,24.5,82.0
919,24.5_82.25,24.5,82.25
920,24.0_82.0,24.0,82.0
921,24.25_81.75,24.25,81.75
922,24.25_82.5,24.25,82.5
923,24.5_82.25,24.5,82.25
924,24.0_82.5,24.0,82.5
925,24.75_79.0,24.75,79.0
926,25.0_79.25,25.0,79.25
927,25.0_78.75,25.0,78.75
928,24.75_79.0,24.75,79.0
929,25.25_78.75,25.25,78.75
930,25.0_79.25,25.0,79.25
931,24.75_78.75,24.75,78.75
932,23.25_75.75,23.25,75.75
933,23.5_75.5,23.5,75.5
934,23.5_75.75,23.5,75.75
935,23.5_75.5,23.5,75.5
936,23.5_76.0,23.5,76.0
937,23.25_75.75,23.25,75.75
938,23.25_81.25,23.25,81.25
939,23.5_81.0,23.5,81.0
940,23.75_81.0,23.75,81.0
941,23.75_81.0,23.75,81.0
942,23.5_80.75,23.5,80.75
943,23.5_77.75,23.5,77.75
944,23.75_78.0,23.75,78.0
945,23.75_78.0,23.75,78.0
946,23.75_78.0,23.75,78.0
947,23.5_77.75,23.5,77.75
948,24.0_78.0,24.0,78.0
949,24.0_77.75,24.0,77.75
950,24.0_77.75,24.0,77.75
951,23.75_77.5,23.75,77.5
952,24.0_78.0,24.0,78.0
953,23.5_77.75,23.5,77.75
954,22.0_76.0,22.0,76.0
955,22.25_76.0,22.25,76.0
956,22.25_76.0,22.25,76.0
957,21.75_76.0,21.75,76.0
958,21.5_75.5,21.5,75.5
959,21.75_75.5,21.75,75.5
960,22.25_75.5,22.25,75.5
961,22.25_75.75,22.25,75.75
962,22.0_75.75,22.0,75.75
963,21.75_75.5,21.75,75.5
964,31.75_76.25,31.75,76.25
965,32.25_75.75,32.25,75.75
966,32.0_76.25,32.0,76.25
967,32.0_76.25,32.0,76.25
968,32.0_76.25,32.0,76.25
969,32.0_76.25,32.0,76.25
970,32.25_76.25,32.25,76.25
971,32.25_76.0,32.25,76.0
972,32.25_75.75,32.25,75.75
973,32.0_76.5,32.0,76.5
974,32.0_76.5,32.0,76.5
975,32.25_76.0,32.25,76.0
976,32.0_76.25,32.0,76.25
977,32.0_77.25,32.0,77.25
978,32.0_77.0,32.0,77.0
979,31.5_77.0,31.5,77.0
980,31.75_77.0,31.75,77.0
981,31.5_77.0,31.5,77.0
982,31.5_77.0,31.5,77.0
983,31.5_77.0,31.5,77.0
984,31.5_77.0,31.5,77.0
985,30.5_77.5,30.5,77.5
986,30.5_77.25,30.5,77.25
987,30.5_77.75,30.5,77.75
988,30.5_77.5,30.5,77.5
989,30.5_77.5,30.5,77.5
990,30.5_77.5,30.5,77.5
991,30.5_77.25,30.5,77.25
992,30.5_77.75,30.5,77.75
993,30.5_77.25,30.5,77.25
994,31.25_76.5,31.25,76.5
995,31.0_76.75,31.0,76.75
996,31.25_76.75,31.25,76.75
997,31.75_76.0,31.75,76.0
998,31.75_76.0,31.75,76.0
999,31.75_76.0,31.75,76.0
1000,31.5_76.25,31.5,76.25
1001,31.5_76.25,31.5,76.25
1002,31.25_76.25,31.25,76.25
1003,31.75_76.0,31.75,76.0
1004,31.5_76.25,31.5,76.25
1005,31.5_76.25,31.5,76.25
1006,19.25_79.25,19.25,79.25
1007,18.75_79.75,18.75,79.75
1008,19.0_79.25,19.0,79.25
1009,19.75_78.75,19.75,78.75
1010,19.25_79.0,19.25,79.0
1011,19.0_78.5,19.0,78.5
1012,19.25_78.5,19.25,78.5
1013,19.25_78.75,19.25,78.75
1014,19.0_78.5,19.0,78.5
1015,19.25_79.75,19.25,79.75
1016,19.0_79.0,19.0,79.0
1017,19.5_78.75,19.5,78.75
1018,18.5_79.25,18.5,79.25
1019,18.75_79.0,18.75,79.0
1020,18.75_79.5,18.75,79.5
1021,18.75_80.0,18.75,80.0
1022,18.75_78.75,18.75,78.75
1023,18.25_79.25,18.25,79.25
1024,18.75_79.75,18.75,79.75
1025,18.0_80.75,18.0,80.75
1026,17.5_81.0,17.5,81.0
1027,17.25_80.5,17.25,80.5
1028,17.25_81.0,17.25,81.0
1029,17.5_80.25,17.5,80.25
1030,17.25_80.0,17.25,80.0
1031,18.0_80.75,18.0,80.75
1032,18.25_80.5,18.25,80.5
1033,17.25_81.25,17.25,81.25
1034,16.0_78.25,16.0,78.25
1035,16.0_77.75,16.0,77.75
1036,16.25_78.0,16.25,78.0
1037,16.75_78.0,16.75,78.0
1038,18.0_78.25,18.0,78.25
1039,18.0_78.25,18.0,78.25
1040,18.0_78.5,18.0,78.5
1041,17.75_77.75,17.75,77.75
1042,18.0_78.5,18.0,78.5
1043,18.0_78.75,18.0,78.75
1044,17.25_79.5,17.25,79.5
1045,16.75_79.0,16.75,79.0
1046,16.75_79.0,16.75,79.0
1047,16.5_78.75,16.5,78.75
1048,17.0_79.25,17.0,79.25
1049,17.0_80.0,17.0,80.0
1050,17.75_78.75,17.75,78.75
1051,17.25_79.75,17.25,79.75
1052,17.0_79.75,17.0,79.75
1053,17.0_79.0,17.0,79.0
1054,16.75_79.25,16.75,79.25
1055,17.25_78.75,17.25,78.75
1056,17.25_79.5,17.25,79.5
1057,16.75_79.5,16.75,79.5
1058,17.5_78.75,17.5,78.75
1059,18.75_78.25,18.75,78.25
1060,19.0_78.25,19.0,78.25
1061,18.25_77.75,18.25,77.75
1062,18.25_77.75,18.25,77.75
1063,18.5_78.25,18.5,78.25
1064,18.5_78.25,18.5,78.25
1065,18.25_78.25,18.25,78.25
1066,18.25_78.25,18.25,78.25
1067,18.25_77.75,18.25,77.75
1068,17.25_78.0,17.25,78.0
1069,17.25_78.75,17.25,78.75
1070,17.25_77.5,17.25,77.5
1071,17.0_78.5,17.0,78.5
1072,17.25_78.5,17.25,78.5
1073,17.5_78.25,17.5,78.25
1074,17.5_78.5,17.5,78.5
1075,17.25_78.0,17.25,78.0
1076,18.25_80.25,18.25,80.25
1077,17.75_79.75,17.75,79.75
1078,18.25_80.0,18.25,80.0
1079,18.25_80.5,18.25,80.5
1080,17.75_80.0,17.75,80.0
1081,17.5_80.0,17.5,80.0
1082,18.25_79.75,18.25,79.75
1083,18.25_80.25,18.25,80.25
1084,28.75_76.75,28.75,76.75
1085,28.75_76.75,28.75,76.75
1086,30.5_76.75,30.5,76.75
1087,30.5_76.75,30.5,76.75
1088,28.75_76.25,28.75,76.25
1089,28.75_76.0,28.75,76.0
1090,29.0_76.0,29.0,76.0
1091,29.0_76.25,29.0,76.25
1092,28.75_75.75,28.75,75.75
1093,28.75_75.5,28.75,75.5
1094,28.75_76.0,28.75,76.0
1095,28.75_75.75,28.75,75.75
1096,29.0_75.5,29.0,75.5
1097,28.75_76.0,28.75,76.0
1098,29.5_76.0,29.5,76.0
1099,29.5_76.25,29.5,76.25
1100,28.75_76.5,28.75,76.5
1101,29.25_76.5,29.25,76.5
1102,29.25_76.5,29.25,76.5
1103,29.5_76.25,29.5,76.25
1104,29.5_76.25,29.5,76.25
1105,30.0_76.5,30.0,76.5
1106,28.0_76.0,28.0,76.0
1107,28.25_77.25,28.25,77.25
1108,28.25_76.5,28.25,76.5
1109,29.0_76.5,29.0,76.5
1110,28.75_76.75,28.75,76.75
1111,29.0_76.5,29.0,76.5
1112,29.75_74.75,29.75,74.75
1113,29.25_75.0,29.25,75.0
1114,29.75_74.75,29.75,74.75
1115,29.25_74.75,29.25,74.75
1116,29.75_75.0,29.75,75.0
1117,29.5_75.25,29.5,75.25
1118,29.0_76.75,29.0,76.75
1119,29.0_76.75,29.0,76.75
1120,30.25_77.25,30.25,77.25
1121,20.75_73.0,20.75,73.0
1122,20.5_73.0,20.5,73.0
1123,22.25_72.0,22.25,72.0
1124,23.25_72.0,23.25,72.0
1125,23.25_72.0,23.25,72.0
1126,22.25_71.75,22.25,71.75
1127,22.25_72.0,22.25,72.0
1128,21.5_71.25,21.5,71.25
1129,21.75_71.25,21.75,71.25
1130,21.25_71.25,21.25,71.25
1131,21.5_71.0,21.5,71.0
1132,21.5_71.25,21.5,71.25
1133,21.5_71.25,21.5,71.25
1134,21.75_71.5,21.75,71.5
1135,21.25_71.25,21.25,71.25
1136,21.5_71.25,21.5,71.25
1137,21.75_71.0,21.75,71.0
1138,21.75_71.5,21.75,71.5
1139,21.5_71.25,21.5,71.25
1140,21.75_71.5,21.75,71.5
1141,22.0_71.25,22.0,71.25
1142,21.5_71.0,21.5,71.0
1143,21.25_71.25,21.25,71.25
1144,22.5_73.0,22.5,73.0
1145,22.5_73.0,22.5,73.0
1146,22.75_73.0,22.75,73.0
1147,24.25_73.0,24.25,73.0
1148,24.25_72.5,24.25,72.5
1149,24.75_71.75,24.75,71.75
1150,24.5_72.25,24.5,72.25
1151,24.25_72.5,24.25,72.5
1152,24.25_72.75,24.25,72.75
1153,24.5_72.25,24.5,72.25
1154,21.5_73.5,21.5,73.5
1155,21.75_72.75,21.75,72.75
1156,22.25_72.5,22.25,72.5
1157,21.5_72.75,21.5,72.75
1158,21.5_72.75,21.5,72.75
1159,21.75_72.75,21.75,72.75
1160,21.5_73.0,21.5,73.0
1161,21.5_73.25,21.5,73.25
1162,21.75_72.75,21.75,72.75
1163,21.75_73.25,21.75,73.25
1164,21.75_72.75,21.75,72.75
1165,22.0_72.75,22.0,72.75
1166,22.25_72.75,22.25,72.75
1167,22.0_72.75,22.0,72.75
1168,21.5_71.5,21.5,71.5
1169,21.75_71.75,21.75,71.75
1170,21.25_72.0,21.25,72.0
1171,21.25_71.5,21.25,71.5
1172,22.0_71.75,22.0,71.75
1173,22.0_72.0,22.0,72.0
1174,21.5_72.0,21.5,72.0
1175,21.75_71.75,21.75,71.75
1176,21.25_72.0,21.25,72.0
1177,21.75_71.75,21.75,71.75
1178,20.75_73.75,20.75,73.75
1179,20.75_73.5,20.75,73.5
1180,20.75_73.75,20.75,73.75
1181,20.75_73.75,20.75,73.75
1182,20.75_73.75,20.75,73.75
1183,20.75_73.75,20.75,73.75
1184,21.0_73.5,21.0,73.5
1185,21.0_73.75,21.0,73.75
1186,20.5_73.75,20.5,73.75
1187,20.75_73.5,20.75,73.5
1188,20.75_73.5,20.75,73.5
1189,20.75_73.5,20.75,73.5
1190,21.0_73.5,21.0,73.5
1191,20.75_73.75,20.75,73.75
1192,22.75_74.0,22.75,74.0
1193,22.75_74.0,22.75,74.0
1194,22.75_74.0,22.75,74.0
1195,22.75_74.25,22.75,74.25
1196,23.0_74.25,23.0,74.25
1197,23.0_74.25,23.0,74.25
1198,22.5_74.0,22.5,74.0
1199,22.75_73.75,22.75,73.75
1200,22.75_74.0,22.75,74.0
1201,22.75_74.25,22.75,74.25
1202,22.75_74.0,22.75,74.0
1203,22.75_74.0,22.75,74.0
1204,22.5_74.0,22.5,74.0
1205,23.0_74.0,23.0,74.0
1206,23.25_72.75,23.25,72.75
1207,22.0_70.0,22.0,70.0
1208,22.75_70.25,22.75,70.25
1209,22.0_69.25,22.0,69.25
1210,22.75_70.5,22.75,70.5
1211,22.25_69.0,22.25,69.0
1212,22.5_70.0,22.5,70.0
1213,22.5_70.25,22.5,70.25
1214,22.0_70.0,22.0,70.0
1215,22.5_70.0,22.5,70.0
1216,22.25_69.25,22.25,69.25
1217,22.25_69.75,22.25,69.75
1218,22.0_69.5,22.0,69.5
1219,22.0_69.5,22.0,69.5
1220,22.25_69.5,22.25,69.5
1221,22.25_70.0,22.25,70.0
1222,22.25_69.0,22.25,69.0
1223,22.0_69.75,22.0,69.75
1224,22.25_70.25,22.25,70.25
1225,22.25_69.5,22.25,69.5
1226,22.0_70.0,22.0,70.0
1227,22.25_70.0,22.25,70.0
1228,22.25_69.5,22.25,69.5
1229,22.5_70.25,22.5,70.25
1230,22.25_69.5,22.25,69.5
1231,21.0_70.25,21.0,70.25
1232,21.25_70.0,21.25,70.0
1233,21.5_70.5,21.5,70.5
1234,21.0_70.25,21.0,70.25
1235,21.25_70.25,21.25,70.25
1236,21.0_70.5,21.0,70.5
1237,21.0_70.75,21.0,70.75
1238,21.5_70.5,21.5,70.5
1239,21.25_70.25,21.25,70.25
1240,21.0_70.25,21.0,70.25
1241,21.25_70.25,21.25,70.25
1242,21.5_70.25,21.5,70.25
1243,21.0_70.25,21.0,70.25
1244,21.25_70.0,21.25,70.0
1245,21.25_70.25,21.25,70.25
1246,21.25_70.5,21.25,70.5
1247,21.25_70.75,21.25,70.75
1248,21.0_70.25,21.0,70.25
1249,21.25_70.0,21.25,70.0
1250,21.25_70.0,21.25,70.0
1251,20.75_71.0,20.75,71.0
1252,23.75_70.75,23.75,70.75
1253,23.0_70.0,23.0,70.0
1254,23.25_69.75,23.25,69.75
1255,23.5_69.25,23.5,69.25
1256,23.0_69.5,23.0,69.5
1257,23.5_70.75,23.5,70.75
1258,23.5_70.25,23.5,70.25
1259,23.75_69.75,23.75,69.75
1260,23.75_69.75,23.75,69.75
1261,23.0_69.0,23.0,69.0
1262,23.5_70.75,23.5,70.75
1263,23.5_69.0,23.5,69.0
1264,23.75_68.75,23.75,68.75
1265,23.25_68.75,23.25,68.75
1266,23.5_69.5,23.5,69.5
1267,23.25_70.5,23.25,70.5
1268,23.25_69.5,23.25,69.5
1269,23.25_69.0,23.25,69.0
1270,23.0_69.0,23.0,69.0
1271,22.75_73.0,22.75,73.0
1272,22.75_73.25,22.75,73.25
1273,22.75_73.25,22.75,73.25
1274,22.75_73.0,22.75,73.0
1275,22.75_73.25,22.75,73.25
1276,23.75_72.5,23.75,72.5
1277,23.25_72.5,23.25,72.5
1278,23.5_72.0,23.5,72.0
1279,23.75_72.5,23.75,72.5
1280,24.0_72.5,24.0,72.5
1281,24.0_72.5,24.0,72.5
1282,23.5_72.25,23.5,72.25
1283,23.75_72.25,23.75,72.25
1284,24.0_72.5,24.0,72.5
1285,23.75_72.25,23.75,72.25
1286,23.75_72.5,23.75,72.5
1287,23.75_72.25,23.75,72.25
1288,21.5_73.75,21.5,73.75
1289,22.0_73.75,22.0,73.75
1290,21.75_73.5,21.75,73.5
1291,21.75_73.75,21.75,73.75
1292,21.75_73.5,21.75,73.5
1293,20.75_73.0,20.75,73.0
1294,21.0_73.0,21.0,73.0
1295,21.0_72.75,21.0,72.75
1296,20.75_73.25,20.75,73.25
1297,20.75_73.25,20.75,73.25
1298,20.75_73.0,20.75,73.0
1299,23.25_73.75,23.25,73.75
1300,22.75_73.75,22.75,73.75
1301,22.25_73.75,22.25,73.75
1302,23.0_73.5,23.0,73.5
1303,23.25_73.5,23.25,73.5
1304,23.25_73.5,23.25,73.5
1305,23.25_73.75,23.25,73.75
1306,22.5_73.5,22.5,73.5
1307,22.75_73.75,22.75,73.75
1308,23.25_74.0,23.25,74.0
1309,22.5_73.5,22.5,73.5
1310,22.75_73.5,22.75,73.5
1311,22.75_73.5,22.75,73.5
1312,24.0_72.0,24.0,72.0
1313,21.75_70.0,21.75,70.0
1314,21.75_69.5,21.75,69.5
1315,21.75_70.0,21.75,70.0
1316,21.5_69.75,21.5,69.75
1317,21.5_69.75,21.5,69.75
1318,21.25_70.0,21.25,70.0
1319,23.0_70.75,23.0,70.75
1320,22.0_70.75,22.0,70.75
1321,22.0_71.0,22.0,71.0
1322,22.5_70.5,22.5,70.5
1323,22.25_71.25,22.25,71.25
1324,23.0_70.5,23.0,70.5
1325,21.75_70.5,21.75,70.5
1326,22.5_70.5,22.5,70.5
1327,22.75_71.0,22.75,71.0
1328,21.75_70.25,21.75,70.25
1329,22.0_70.75,22.0,70.75
1330,22.5_71.0,22.5,71.0
1331,22.5_70.75,22.5,70.75
1332,22.0_70.5,22.0,70.5
1333,22.25_71.5,22.25,71.5
1334,21.75_70.75,21.75,70.75
1335,23.0_73.25,23.0,73.25
1336,24.0_73.0,24.0,73.0
1337,23.75_73.0,23.75,73.0
1338,23.5_73.0,23.5,73.0
1339,23.75_73.0,23.75,73.0
1340,24.0_73.0,24.0,73.0
1341,23.5_73.25,23.5,73.25
1342,23.75_73.25,23.75,73.25
1343,23.75_73.0,23.75,73.0
1344,23.25_73.25,23.25,73.25
1345,23.75_73.25,23.75,73.25
1346,24.0_73.0,24.0,73.0
1347,21.0_73.25,21.0,73.25
1348,21.25_73.5,21.25,73.5
1349,21.5_73.25,21.5,73.25
1350,21.5_73.25,21.5,73.25
1351,21.5_73.0,21.5,73.0
1352,21.25_73.0,21.25,73.0
1353,21.0_73.25,21.0,73.25
1354,21.25_73.0,21.25,73.0
1355,21.25_72.75,21.25,72.75
1356,21.0_73.0,21.0,73.0
1357,21.0_73.25,21.0,73.25
1358,21.0_73.25,21.0,73.25
1359,21.0_73.0,21.0,73.0
1360,21.0_72.75,21.0,72.75
1361,21.0_73.0,21.0,73.0
1362,21.0_73.25,21.0,73.25
1363,21.0_73.5,21.0,73.5
1364,23.25_71.75,23.25,71.75
1365,22.75_71.75,22.75,71.75
1366,22.75_71.5,22.75,71.5
1367,22.75_71.25,22.75,71.25
1368,22.5_71.5,22.5,71.5
1369,22.75_71.75,22.75,71.75
1370,22.5_74.0,22.5,74.0
1371,22.25_74.0,22.25,74.0
1372,22.25_74.0,22.25,74.0
1373,22.25_73.75,22.25,73.75
1374,22.5_74.0,22.5,74.0
1375,22.5_74.0,22.5,74.0
1376,22.0_74.0,22.0,74.0
1377,22.25_74.0,22.25,74.0
1378,22.25_73.5,22.25,73.5
1379,22.25_73.75,22.25,73.75
1380,22.25_73.75,22.25,73.75
1381,22.0_74.0,22.0,74.0
1382,22.0_74.0,22.0,74.0
1383,22.5_73.25,22.5,73.25
1384,22.75_73.25,22.75,73.25
1385,20.5_73.25,20.5,73.25
1386,20.25_73.0,20.25,73.0
1387,20.5_73.25,20.5,73.25
1388,20.25_72.75,20.25,72.75
1389,20.25_73.25,20.25,73.25
1390,20.25_73.0,20.25,73.0
1391,20.5_73.0,20.5,73.0
1392,20.25_72.75,20.25,72.75
1393,20.25_72.75,20.25,72.75
1394,16.0_76.0,16.0,76.0
1395,16.25_75.25,16.25,75.25
1396,16.0_75.75,16.0,75.75
1397,16.0_76.25,16.0,76.25
1398,15.5_76.75,15.5,76.75
1399,15.0_75.75,15.0,75.75
1400,15.25_76.25,15.25,76.25
1401,15.25_76.75,15.25,76.75
1402,15.0_76.5,15.0,76.5
1403,13.0_77.25,13.0,77.25
1404,13.0_77.25,13.0,77.25
1405,13.25_77.25,13.25,77.25
1406,13.25_77.75,13.25,77.75
1407,13.0_77.5,13.0,77.5
1408,13.0_77.5,13.0,77.5
1409,13.0_77.5,13.0,77.5
1410,16.75_75.0,16.75,75.0
1411,16.25_75.0,16.25,75.0
1412,16.75_75.0,16.75,75.0
1413,16.75_75.25,16.75,75.25
1414,15.75_74.5,15.75,74.5
1415,16.25_74.75,16.25,74.75
1416,16.5_74.5,16.5,74.5
1417,16.5_74.5,16.5,74.5
1418,16.25_74.5,16.25,74.5
1419,15.75_74.5,15.75,74.5
1420,16.0_75.0,16.0,75.0
1421,16.75_75.0,16.75,75.0
1422,16.25_74.5,16.25,74.5
1423,16.25_74.75,16.25,74.75
1424,16.25_74.75,16.25,74.75
1425,15.75_74.5,15.75,74.5
1426,16.75_75.25,16.75,75.25
1427,15.75_74.5,15.75,74.5
1428,17.0_75.0,17.0,75.0
1429,16.0_75.0,16.0,75.0
1430,16.75_75.0,16.75,75.0
1431,16.25_75.0,16.25,75.0
1432,15.75_74.5,15.75,74.5
1433,16.75_75.0,16.75,75.0
1434,16.5_74.75,16.5,74.75
1435,16.5_74.75,16.5,74.75
1436,15.75_75.25,15.75,75.25
1437,16.5_74.5,16.5,74.5
1438,16.0_74.75,16.0,74.75
1439,15.75_74.5,15.75,74.5
1440,16.5_74.75,16.5,74.75
1441,16.5_74.75,16.5,74.75
1442,17.25_75.75,17.25,75.75
1443,17.25_75.75,17.25,75.75
1444,16.75_76.0,16.75,76.0
1445,17.25_76.25,17.25,76.25
1446,17.25_75.75,17.25,75.75
1447,16.75_76.25,16.75,76.25
1448,16.75_75.75,16.75,75.75
1449,16.75_76.0,16.75,76.0
1450,16.5_75.75,16.5,75.75
1451,16.25_76.0,16.25,76.0
1452,17.5_75.75,17.5,75.75
1453,16.5_76.0,16.5,76.0
1454,16.75_76.25,16.75,76.25
1455,17.25_76.0,17.25,76.0
1456,16.75_76.0,16.75,76.0
1457,16.75_76.0,16.75,76.0
1458,16.25_76.0,16.25,76.0
1459,17.0_76.25,17.0,76.25
1460,11.75_76.75,11.75,76.75
1461,12.0_77.0,12.0,77.0
1462,14.0_76.0,14.0,76.0
1463,14.0_76.0,14.0,76.0
1464,14.0_76.5,14.0,76.5
1465,14.0_76.0,14.0,76.0
1466,14.25_76.25,14.25,76.25
1467,13.0_74.75,13.0,74.75
1468,13.0_75.25,13.0,75.25
1469,12.5_75.5,12.5,75.5
1470,12.75_75.5,12.75,75.5
1471,13.0_75.0,13.0,75.0
1472,12.75_75.5,12.75,75.5
1473,13.0_75.25,13.0,75.25
1474,13.0_75.25,13.0,75.25
1475,13.0_74.75,13.0,74.75
1476,12.5_75.25,12.5,75.25
1477,12.75_75.0,12.75,75.0
1478,12.75_75.0,12.75,75.0
1479,12.75_75.25,12.75,75.25
1480,12.75_75.25,12.75,75.25
1481,12.75_75.5,12.75,75.5
1482,12.75_75.0,12.75,75.0
1483,13.0_75.25,13.0,75.25
1484,14.25_75.75,14.25,75.75
1485,14.25_75.75,14.25,75.75
1486,14.5_75.75,14.5,75.75
1487,14.25_76.0,14.25,76.0
1488,14.25_76.0,14.25,76.0
1489,14.5_75.75,14.5,75.75
1490,15.75_75.5,15.75,75.5
1491,15.25_75.5,15.25,75.5
1492,15.5_75.5,15.5,75.5
1493,15.25_75.5,15.25,75.5
1494,15.25_75.5,15.25,75.5
1495,15.25_75.5,15.25,75.5
1496,17.25_76.25,17.25,76.25
1497,17.5_77.25,17.5,77.25
1498,17.0_76.5,17.0,76.5
1499,17.5_76.5,17.5,76.5
1500,17.0_76.75,17.0,76.75
1501,17.5_77.5,17.5,77.5
1502,16.75_76.75,16.75,76.75
1503,17.0_77.5,17.0,77.5
1504,16.25_76.5,16.25,76.5
1505,17.5_77.5,17.5,77.5
1506,17.5_76.75,17.5,76.75
1507,16.75_77.0,16.75,77.0
1508,16.75_76.75,16.75,76.75
1509,17.5_77.0,17.5,77.0
1510,17.5_77.25,17.5,77.25
1511,16.75_76.75,16.75,76.75
1512,16.75_77.0,16.75,77.0
1513,17.5_76.5,17.5,76.5
1514,17.5_76.75,17.5,76.75
1515,17.0_76.75,17.0,76.75
1516,17.75_76.75,17.75,76.75
1517,17.5_77.25,17.5,77.25
1518,17.0_76.75,17.0,76.75
1519,16.75_76.75,16.75,76.75
1520,12.25_75.75,12.25,75.75
1521,12.5_75.5,12.5,75.5
1522,12.25_75.75,12.25,75.75
1523,12.25_76.0,12.25,76.0
1524,12.5_75.75,12.5,75.75
1525,12.0_76.0,12.0,76.0
1526,12.5_75.75,12.5,75.75
1527,12.75_76.0,12.75,76.0
1528,12.5_76.0,12.5,76.0
1529,12.25_76.0,12.25,76.0
1530,12.25_75.75,12.25,75.75
1531,12.75_76.0,12.75,76.0
1532,12.5_75.75,12.5,75.75
1533,12.5_75.75,12.5,75.75
1534,13.5_77.5,13.5,77.5
1535,13.5_77.5,13.5,77.5
1536,15.5_76.25,15.5,76.25
1537,15.25_76.25,15.25,76.25
1538,12.5_76.75,12.5,76.75
1539,12.75_76.75,12.75,76.75
1540,12.75_77.0,12.75,77.0
1541,12.75_77.0,12.75,77.0
1542,12.5_77.0,12.5,77.0
1543,12.5_76.75,12.5,76.75
1544,12.5_76.75,12.5,76.75
1545,12.75_76.75,12.75,76.75
1546,12.5_76.75,12.5,76.75
1547,13.0_76.75,13.0,76.75
1548,12.25_76.5,12.25,76.5
1549,12.0_76.75,12.0,76.75
1550,12.0_76.5,12.0,76.5
1551,12.25_77.0,12.25,77.0
1552,16.0_77.0,16.0,77.0
1553,16.0_77.0,16.0,77.0
1554,16.25_77.0,16.25,77.0
1555,15.75_76.5,15.75,76.5
1556,14.0_75.25,14.0,75.25
1557,14.0_75.5,14.0,75.5
1558,13.75_75.75,13.75,75.75
1559,14.5_75.0,14.5,75.0
1560,13.75_75.5,13.75,75.5
1561,13.75_75.25,13.75,75.25
1562,14.0_75.0,14.0,75.0
1563,13.75_75.25,13.75,75.25
1564,13.75_75.0,13.75,75.0
1565,14.0_75.75,14.0,75.75
1566,14.0_75.75,14.0,75.75
1567,14.25_75.0,14.25,75.0
1568,14.25_75.0,14.25,75.0
1569,14.25_75.0,14.25,75.0
1570,14.0_75.5,14.0,75.5
1571,13.75_77.25,13.75,77.25
1572,13.75_77.25,13.75,77.25
1573,13.5_76.5,13.5,76.5
1574,13.0_76.75,13.0,76.75
1575,13.75_77.25,13.75,77.25
1576,13.5_77.25,13.5,77.25
1577,13.25_76.5,13.25,76.5
1578,14.25_77.25,14.25,77.25
1579,13.25_77.25,13.25,77.25
1580,13.25_76.75,13.25,76.75
1581,13.5_75.0,13.5,75.0
1582,13.75_74.75,13.75,74.75
1583,13.5_75.0,13.5,75.0
1584,13.25_74.75,13.25,74.75
1585,13.75_74.75,13.75,74.75
1586,13.75_74.75,13.75,74.75
1587,13.25_74.75,13.25,74.75
1588,13.25_74.75,13.25,74.75
1589,13.5_74.75,13.5,74.75
1590,13.75_75.0,13.75,75.0
1591,13.25_74.75,13.25,74.75
1592,13.75_74.75,13.75,74.75
1593,14.75_74.25,14.75,74.25
1594,14.5_75.0,14.5,75.0
1595,14.5_74.75,14.5,74.75
1596,14.75_74.25,14.75,74.25
1597,14.25_74.75,14.25,74.75
1598,14.5_74.5,14.5,74.5
1599,14.25_74.75,14.25,74.75
1600,14.25_74.5,14.25,74.5
1601,14.5_74.75,14.5,74.75
1602,14.75_74.25,14.75,74.25
1603,14.5_74.5,14.5,74.5
1604,15.0_74.25,15.0,74.25
1605,14.75_75.0,14.75,75.0
1606,14.0_74.5,14.0,74.5
1607,14.0_74.5,14.0,74.5
1608,14.75_74.25,14.75,74.25
1609,14.25_75.0,14.25,75.0
1610,14.75_75.0,14.75,75.0
1611,12.5_75.25,12.5,75.25
1612,28.5_77.25,28.5,77.25
1613,28.75_77.0,28.75,77.0
1614,28.75_77.0,28.75,77.0
1615,28.75_77.25,28.75,77.25
1616,28.75_77.0,28.75,77.0
1617,28.75_77.0,28.75,77.0
1618,28.5_77.25,28.5,77.25
1619,28.5_77.0,28.5,77.0
1620,28.5_77.0,28.5,77.0
1621,23.75_85.75,23.75,85.75
1622,23.75_86.0,23.75,86.0
1623,24.25_87.0,24.25,87.0
1624,23.75_86.25,23.75,86.25
1625,24.0_86.5,24.0,86.5
1626,24.25_87.25,24.25,87.25
1627,24.0_86.75,24.0,86.75
1628,24.5_87.0,24.5,87.0
1629,24.25_87.25,24.25,87.25
1630,24.0_85.75,24.0,85.75
1631,24.25_86.25,24.25,86.25
1632,24.5_86.25,24.5,86.25
1633,24.25_86.25,24.25,86.25
1634,25.0_87.25,25.0,87.25
1635,23.0_84.75,23.0,84.75
1636,23.25_85.0,23.25,85.0
1637,22.75_84.75,22.75,84.75
1638,23.25_84.75,23.25,84.75
1639,23.0_84.75,23.0,84.75
1640,23.0_84.5,23.0,84.5
1641,24.25_85.5,24.25,85.5
1642,24.25_85.5,24.25,85.5
1643,23.5_85.75,23.5,85.75
1644,23.25_84.75,23.25,84.75
1645,24.5_87.5,24.5,87.5
1646,24.75_87.75,24.75,87.75
1647,23.75_84.75,23.75,84.75
1648,23.75_84.75,23.75,84.75
1649,23.75_84.5,23.75,84.5
1650,23.75_84.25,23.75,84.25
1651,24.25_84.0,24.25,84.0
1652,23.75_84.25,23.75,84.25
1653,23.25_85.0,23.25,85.0
1654,23.0_85.25,23.0,85.25
1655,25.25_87.75,25.25,87.75
1656,28.0_78.0,28.0,78.0
1657,27.75_78.0,27.75,78.0
1658,28.0_77.75,28.0,77.75
1659,28.0_78.25,28.0,78.25
1660,28.0_78.0,28.0,78.0
1661,25.0_81.75,25.0,81.75
1662,25.25_81.75,25.25,81.75
1663,25.0_81.75,25.0,81.75
1664,25.0_82.0,25.0,82.0
1665,25.0_82.0,25.0,82.0
1666,25.0_82.0,25.0,82.0
1667,26.5_82.5,26.5,82.5
1668,26.5_82.75,26.5,82.75
1669,26.75_79.5,26.75,79.5
1670,26.5_79.5,26.5,79.5
1671,26.5_79.5,26.5,79.5
1672,26.75_79.5,26.75,79.5
1673,26.75_82.25,26.75,82.25
1674,26.5_82.25,26.5,82.25
1675,26.75_82.0,26.75,82.0
1676,26.25_83.0,26.25,83.0
1677,26.25_83.25,26.25,83.25
1678,26.0_83.0,26.0,83.0
1679,26.0_83.0,26.0,83.0
1680,26.0_82.75,26.0,82.75
1681,26.25_83.0,26.25,83.0
1682,25.75_83.0,25.75,83.0
1683,25.75_83.0,25.75,83.0
1684,26.25_83.25,26.25,83.25
1685,26.0_83.0,26.0,83.0
1686,25.75_83.0,25.75,83.0
1687,27.5_81.5,27.5,81.5
1688,28.0_81.5,28.0,81.5
1689,28.25_81.25,28.25,81.25
1690,27.75_81.5,27.75,81.5
1691,28.0_81.25,28.0,81.25
1692,25.75_84.25,25.75,84.25
1693,25.75_84.0,25.75,84.0
1694,25.75_84.5,25.75,84.5
1695,25.75_84.0,25.75,84.0
1696,25.75_84.5,25.75,84.5
1697,25.75_84.25,25.75,84.25
1698,25.75_84.0,25.75,84.0
1699,26.0_84.0,26.0,84.0
1700,26.0_83.75,26.0,83.75
1701,27.75_82.25,27.75,82.25
1702,27.5_82.5,27.5,82.5
1703,27.5_82.25,27.5,82.25
1704,27.75_82.25,27.75,82.25
1705,27.75_82.5,27.75,82.5
1706,27.5_82.75,27.5,82.75
1707,27.5_82.5,27.5,82.5
1708,27.5_82.25,27.5,82.25
1709,27.25_82.25,27.25,82.25
1710,25.25_80.5,25.25,80.5
1711,25.25_80.75,25.25,80.75
1712,25.25_80.5,25.25,80.5
1713,25.5_80.25,25.5,80.25
1714,27.25_81.0,27.25,81.0
1715,26.75_81.25,26.75,81.25
1716,26.75_81.25,26.75,81.25
1717,27.0_81.25,27.0,81.25
1718,26.5_81.25,26.5,81.25
1719,27.0_81.25,27.0,81.25
1720,27.0_81.25,27.0,81.25
1721,27.25_81.5,27.25,81.5
1722,27.0_81.5,27.0,81.5
1723,26.75_81.75,26.75,81.75
1724,26.75_81.5,26.75,81.5
1725,27.0_81.25,27.0,81.25
1726,26.75_81.25,26.75,81.25
1727,28.25_79.5,28.25,79.5
1728,28.25_79.5,28.25,79.5
1729,28.75_79.25,28.75,79.25
1730,26.75_82.75,26.75,82.75
1731,27.0_82.75,27.0,82.75
1732,26.75_82.5,26.75,82.5
1733,26.75_82.5,26.75,82.5
1734,26.75_82.75,26.75,82.75
1735,29.25_78.5,29.25,78.5
1736,25.0_83.25,25.0,83.25
1737,25.5_83.25,25.5,83.25
1738,25.25_83.5,25.25,83.5
1739,25.25_81.0,25.25,81.0
1740,25.25_81.0,25.25,81.0
1741,25.25_81.25,25.25,81.25
1742,25.25_81.0,25.25,81.0
1743,25.0_81.0,25.0,81.0
1744,25.25_81.5,25.25,81.5
1745,25.25_81.25,25.25,81.25
1746,26.5_83.75,26.5,83.75
1747,26.75_83.75,26.75,83.75
1748,26.5_83.75,26.5,83.75
1749,26.25_84.0,26.25,84.0
1750,26.5_84.0,26.5,84.0
1751,26.5_83.75,26.5,83.75
1752,26.25_84.25,26.25,84.25
1753,27.5_79.75,27.5,79.75
1754,25.5_83.5,25.5,83.5
1755,25.5_83.5,25.5,83.5
1756,25.5_83.75,25.5,83.75
1757,25.5_83.75,25.5,83.75
1758,25.75_83.5,25.75,83.5
1759,25.75_83.25,25.75,83.25
1760,27.0_81.75,27.0,81.75
1761,27.25_81.75,27.25,81.75
1762,27.0_82.25,27.0,82.25
1763,27.0_81.75,27.0,81.75
1764,26.5_83.5,26.5,83.5
1765,25.75_80.0,25.75,80.0
1766,27.75_80.25,27.75,80.25
1767,27.75_80.25,27.75,80.25
1768,27.25_80.0,27.25,80.0
1769,27.5_80.25,27.5,80.25
1770,27.75_78.0,27.75,78.0
1771,27.75_78.25,27.75,78.25
1772,25.5_82.25,25.5,82.25
1773,25.5_82.25,25.5,82.25
1774,26.0_82.25,26.0,82.25
1775,26.0_82.5,26.0,82.5
1776,26.5_80.0,26.5,80.0
1777,26.25_80.0,26.25,80.0
1778,26.5_80.0,26.5,80.0
1779,26.25_80.25,26.25,80.25
1780,26.5_80.25,26.5,80.25
1781,26.5_80.25,26.5,80.25
1782,26.25_80.25,26.25,80.25
1783,25.5_81.75,25.5,81.75
1784,28.0_81.0,28.0,81.0
1785,28.0_81.0,28.0,81.0
1786,28.5_80.75,28.5,80.75
1787,28.0_81.0,28.0,81.0
1788,28.5_80.75,28.5,80.75
1789,27.25_84.0,27.25,84.0
1790,27.0_83.5,27.0,83.5
1791,27.0_84.0,27.0,84.0
1792,26.75_83.75,26.75,83.75
1793,26.75_81.0,26.75,81.0
1794,26.75_81.0,26.75,81.0
1795,26.75_81.25,26.75,81.25
1796,27.0_83.75,27.0,83.75
1797,27.5_83.5,27.5,83.5
1798,27.25_83.5,27.25,83.5
1799,27.25_83.75,27.25,83.75
1800,25.25_79.5,25.25,79.5
1801,25.5_79.75,25.5,79.75
1802,25.25_79.75,25.25,79.75
1803,27.5_77.75,27.5,77.75
1804,27.25_77.5,27.25,77.5
1805,27.5_77.5,27.5,77.5
1806,27.5_77.5,27.5,77.5
1807,27.75_77.5,27.75,77.5
1808,27.5_77.5,27.5,77.5
1809,27.75_77.5,27.75,77.5
1810,26.25_83.5,26.25,83.5
1811,26.0_83.5,26.0,83.5
1812,25.0_83.0,25.0,83.0
1813,25.0_82.75,25.0,82.75
1814,25.0_83.0,25.0,83.0
1815,25.25_82.5,25.25,82.5
1816,24.75_82.25,24.75,82.25
1817,25.0_82.25,25.0,82.25
1818,25.0_82.5,25.0,82.5
1819,25.25_82.5,25.25,82.5
1820,29.0_78.75,29.0,78.75
1821,29.5_78.0,29.5,78.0
1822,28.75_80.0,28.75,80.0
1823,28.75_79.75,28.75,79.75
1824,28.5_80.0,28.5,80.0
1825,28.25_79.75,28.25,79.75
1826,25.75_81.5,25.75,81.5
1827,25.75_81.75,25.75,81.75
1828,25.75_81.5,25.75,81.5
1829,25.75_81.75,25.75,81.75
1830,26.0_81.5,26.0,81.5
1831,25.75_82.0,25.75,82.0
1832,26.0_82.0,26.0,82.0
1833,25.75_81.5,25.75,81.5
1834,25.75_81.5,25.75,81.5
1835,25.25_82.25,25.25,82.25
1836,25.5_82.0,25.5,82.0
1837,25.25_82.0,25.25,82.0
1838,25.5_82.0,25.5,82.0
1839,26.5_81.25,26.5,81.25
1840,26.25_81.25,26.25,81.25
1841,26.25_81.25,26.25,81.25
1842,26.25_81.25,26.25,81.25
1843,26.0_81.0,26.0,81.0
1844,26.25_81.5,26.25,81.5
1845,26.25_81.25,26.25,81.25
1846,26.25_81.25,26.25,81.25
1847,26.5_81.25,26.5,81.25
1848,26.25_81.25,26.25,81.25
1849,26.25_81.5,26.25,81.5
1850,26.5_81.25,26.5,81.25
1851,26.25_81.5,26.25,81.5
1852,26.25_81.5,26.25,81.5
1853,26.5_81.5,26.5,81.5
1854,27.0_83.0,27.0,83.0
1855,26.5_83.0,26.5,83.0
1856,25.25_82.25,25.25,82.25
1857,25.5_82.5,25.5,82.5
1858,27.5_82.0,27.5,82.0
1859,27.75_81.75,27.75,81.75
1860,27.5_82.0,27.5,82.0
1861,27.75_81.75,27.75,81.75
1862,27.75_82.0,27.75,82.0
1863,27.75_82.0,27.75,82.0
1864,27.75_81.75,27.75,81.75
1865,27.5_82.75,27.5,82.75
1866,27.25_83.0,27.25,83.0
1867,27.25_83.0,27.25,83.0
1868,27.25_83.0,27.25,83.0
1869,27.25_82.75,27.25,82.75
1870,27.5_83.0,27.5,83.0
1871,27.25_83.0,27.25,83.0
1872,27.5_81.0,27.5,81.0
1873,27.5_81.0,27.5,81.0
1874,27.5_81.0,27.5,81.0
1875,27.75_80.75,27.75,80.75
1876,27.5_81.0,27.5,81.0
1877,27.5_80.5,27.5,80.5
1878,27.5_81.0,27.5,81.0
1879,27.5_81.25,27.5,81.25
1880,27.25_81.25,27.25,81.25
1881,24.25_82.75,24.25,82.75
1882,24.0_83.0,24.0,83.0
1883,24.25_82.75,24.25,82.75
1884,24.0_83.0,24.0,83.0
1885,24.25_83.25,24.25,83.25
1886,24.25_83.0,24.25,83.0
1887,24.75_82.75,24.75,82.75
1888,24.0_83.0,24.0,83.0
1889,24.0_83.0,24.0,83.0
1890,24.0_83.0,24.0,83.0
1891,24.75_83.0,24.75,83.0
1892,24.75_83.0,24.75,83.0
1893,26.0_81.75,26.0,81.75
1894,26.25_82.0,26.25,82.0
1895,26.25_81.75,26.25,81.75
1896,26.25_82.0,26.25,82.0
1897,26.25_81.75,26.25,81.75
1898,26.25_81.5,26.25,81.5
1899,26.25_81.5,26.25,81.5
1900,26.25_82.5,26.25,82.5
1901,26.5_81.75,26.5,81.75
1902,26.25_82.0,26.25,82.0
1903,26.25_81.75,26.25,81.75
1904,26.5_82.0,26.5,82.0
1905,26.5_81.5,26.5,81.5
1906,26.5_81.5,26.5,81.5
1907,26.25_82.0,26.25,82.0
1908,26.25_81.75,26.25,81.75
1909,26.25_82.0,26.25,82.0
1910,26.25_82.0,26.25,82.0
1911,26.0_82.0,26.0,82.0
1912,26.75_80.5,26.75,80.5
1913,26.75_80.5,26.75,80.5
1914,26.75_80.75,26.75,80.75
1915,26.25_80.75,26.25,80.75
1916,26.75_80.5,26.75,80.5
1917,26.5_80.75,26.5,80.75
1918,26.25_80.75,26.25,80.75
1919,26.5_80.75,26.5,80.75
1920,26.25_80.75,26.25,80.75
1921,25.5_82.75,25.5,82.75
1922,25.5_83.0,25.5,83.0
1923,25.25_82.75,25.25,82.75
1924,25.5_83.0,25.5,83.0
1925,25.25_83.0,25.25,83.0
1926,13.0_80.25,13.0,80.25
1927,10.5_77.0,10.5,77.0
1928,11.25_77.0,11.25,77.0
1929,11.0_77.0,11.0,77.0
1930,10.75_77.0,10.75,77.0
1931,11.0_77.25,11.0,77.25
1932,11.0_77.0,11.0,77.0
1933,11.0_77.0,11.0,77.0
1934,11.25_76.75,11.25,76.75
1935,11.0_77.0,11.0,77.0
1936,11.0_77.0,11.0,77.0
1937,11.0_77.0,11.0,77.0
1938,12.0_78.25,12.0,78.25
1939,12.0_78.5,12.0,78.5
1940,12.25_78.0,12.25,78.0
1941,12.25_78.0,12.25,78.0
1942,10.5_78.25,10.5,78.25
1943,10.5_77.75,10.5,77.75
1944,10.25_78.0,10.25,78.0
1945,10.75_78.0,10.75,78.0
1946,10.5_77.75,10.5,77.75
1947,10.25_77.5,10.25,77.5
1948,10.5_78.0,10.5,78.0
1949,10.25_78.25,10.25,78.25
1950,10.25_78.25,10.25,78.25
1951,10.5_77.75,10.5,77.75
1952,10.5_77.75,10.5,77.75
1953,10.5_77.5,10.5,77.5
1954,10.25_78.0,10.25,78.0
1955,10.5_77.5,10.5,77.5
1956,10.25_78.0,10.25,78.0
1957,10.75_77.5,10.75,77.5
1958,11.5_77.75,11.5,77.75
1959,11.5_77.75,11.5,77.75
1960,11.5_77.5,11.5,77.5
1961,11.25_77.75,11.25,77.75
1962,11.75_77.5,11.75,77.5
1963,11.25_77.5,11.25,77.5
1964,11.5_77.75,11.5,77.75
1965,10.75_77.5,10.75,77.5
1966,11.25_77.75,11.25,77.75
1967,11.25_77.75,11.25,77.75
1968,11.5_77.5,11.5,77.5
1969,11.5_77.25,11.5,77.25
1970,11.0_77.5,11.0,77.5
1971,11.5_77.25,11.5,77.25
1972,11.5_77.5,11.5,77.5
1973,11.5_77.75,11.5,77.75
1974,10.75_77.75,10.75,77.75
1975,11.0_77.75,11.0,77.75
1976,11.25_77.5,11.25,77.5
1977,11.25_77.5,11.25,77.5
1978,11.0_78.0,11.0,78.0
1979,11.5_77.75,11.5,77.75
1980,11.0_77.5,11.0,77.5
1981,12.75_79.75,12.75,79.75
1982,12.5_80.0,12.5,80.0
1983,12.5_80.25,12.5,80.25
1984,13.0_80.0,13.0,80.0
1985,12.75_79.75,12.75,79.75
1986,13.0_80.25,13.0,80.25
1987,12.75_79.75,12.75,79.75
1988,12.5_79.75,12.5,79.75
1989,12.75_79.75,12.75,79.75
1990,11.0_78.0,11.0,78.0
1991,12.5_78.0,12.5,78.0
1992,12.5_78.5,12.5,78.5
1993,10.0_78.25,10.0,78.25
1994,10.0_78.25,10.0,78.25
1995,11.5_78.25,11.5,78.25
1996,11.25_78.0,11.25,78.0
1997,11.25_78.25,11.25,78.25
1998,11.5_78.0,11.5,78.0
1999,11.5_78.25,11.5,78.25
2000,11.0_78.25,11.0,78.25
2001,11.5_78.25,11.5,78.25
2002,11.25_77.75,11.25,77.75
2003,11.25_78.25,11.25,78.25
2004,11.5_78.25,11.5,78.25
2005,11.5_78.25,11.5,78.25
2006,11.25_78.0,11.25,78.0
2007,11.5_78.0,11.5,78.0
2008,11.25_78.0,11.25,78.0
2009,11.0_78.0,11.0,78.0
2010,11.5_78.0,11.5,78.0
2011,11.5_76.25,11.5,76.25
2012,11.25_77.0,11.25,77.0
2013,11.5_76.25,11.5,76.25
2014,11.5_76.5,11.5,76.5
2015,11.5_76.75,11.5,76.75
2016,11.5_76.75,11.5,76.75
2017,11.25_78.75,11.25,78.75
2018,11.25_79.0,11.25,79.0
2019,11.25_78.75,11.25,78.75
2020,11.25_79.0,11.25,79.0
2021,11.25_79.0,11.25,79.0
2022,10.5_79.0,10.5,79.0
2023,10.25_79.0,10.25,79.0
2024,10.0_79.0,10.0,79.0
2025,10.25_79.0,10.25,79.0
2026,10.5_79.0,10.5,79.0
2027,10.0_79.25,10.0,79.25
2028,10.25_79.0,10.25,79.0
2029,10.5_78.75,10.5,78.75
2030,10.25_78.75,10.25,78.75
2031,10.25_78.75,10.25,78.75
2032,11.5_78.5,11.5,78.5
2033,11.5_78.5,11.5,78.5
2034,11.75_77.75,11.75,77.75
2035,11.5_77.75,11.5,77.75
2036,11.75_78.0,11.75,78.0
2037,11.75_78.5,11.75,78.5
2038,11.5_78.5,11.5,78.5
2039,11.5_78.75,11.5,78.75
2040,11.75_78.25,11.75,78.25
2041,10.25_78.75,10.25,78.75
2042,10.25_78.5,10.25,78.5
2043,11.0_79.5,11.0,79.5
2044,10.75_79.0,10.75,79.0
2045,11.0_79.25,11.0,79.25
2046,10.75_78.5,10.75,78.5
2047,11.0_79.0,11.0,79.0
2048,11.0_78.75,11.0,78.75
2049,11.0_78.5,11.0,78.5
2050,11.25_78.5,11.25,78.5
2051,10.75_78.75,10.75,78.75
2052,11.0_78.25,11.0,78.25
2053,11.0_78.5,11.0,78.5
2054,11.25_77.25,11.25,77.25
2055,10.5_77.5,10.5,77.5
2056,11.25_77.25,11.25,77.25
2057,10.5_77.5,10.5,77.5
2058,11.0_77.25,11.0,77.25
2059,10.5_77.25,10.5,77.25
2060,10.5_77.25,10.5,77.25
2061,11.0_77.5,11.0,77.5
2062,11.0_77.5,11.0,77.5
2063,11.0_77.25,11.0,77.25
2064,10.5_77.25,10.5,77.25
2065,13.25_80.25,13.25,80.25
2066,13.0_80.0,13.0,80.0
2067,13.25_79.5,13.25,79.5
2068,12.25_78.75,12.25,78.75
2069,12.5_79.25,12.5,79.25
2070,12.5_79.25,12.5,79.25
2071,12.75_79.5,12.75,79.5
2072,12.25_78.75,12.25,78.75
2073,12.75_79.25,12.75,79.25
2074,12.0_78.75,12.0,78.75
2075,12.5_79.5,12.5,79.5
2076,12.5_78.5,12.5,78.5
2077,13.0_79.25,13.0,79.25
2078,13.0_79.25,13.0,79.25
2079,12.5_78.5,12.5,78.5
2080,12.5_78.75,12.5,78.75
2081,13.0_79.0,13.0,79.0
2082,13.0_79.25,13.0,79.25
2083,13.0_79.0,13.0,79.0
2084,12.25_78.5,12.25,78.5
2085,13.0_79.25,13.0,79.25
2086,13.0_79.5,13.0,79.5
2087,12.25_79.75,12.25,79.75
2088,11.75_79.0,11.75,79.0
2089,11.5_79.0,11.5,79.0
2090,12.25_79.5,12.25,79.5
2091,12.25_79.5,12.25,79.5
2092,11.75_78.75,11.75,78.75
2093,11.75_79.0,11.75,79.0
2094,12.0_79.25,12.0,79.25
2095,11.75_79.25,11.75,79.25
2096,11.75_79.0,11.75,79.0
2097,12.0_79.25,12.0,79.25
2098,11.75_79.0,11.75,79.0
2099,11.75_79.25,11.75,79.25
2100,20.75_85.0,20.75,85.0
2101,21.0_84.75,21.0,84.75
2102,20.75_85.25,20.75,85.25
2103,20.75_85.0,20.75,85.0
2104,21.0_84.75,21.0,84.75
2105,21.0_85.0,21.0,85.0
2106,21.0_85.0,21.0,85.0
2107,21.0_85.0,21.0,85.0
2108,21.0_85.25,21.0,85.25
2109,20.75_85.25,20.75,85.25
2110,21.0_85.0,21.0,85.0
2111,20.75_85.0,20.75,85.0
2112,20.75_84.75,20.75,84.75
2113,21.0_85.25,21.0,85.25
2114,21.0_85.25,21.0,85.25
2115,20.75_85.25,20.75,85.25
2116,20.25_83.0,20.25,83.0
2117,20.75_83.25,20.75,83.25
2118,20.75_83.5,20.75,83.5
2119,20.75_83.5,20.75,83.5
2120,20.75_83.5,20.75,83.5
2121,20.25_83.0,20.25,83.0
2122,21.0_83.5,21.0,83.5
2123,20.75_83.5,20.75,83.5
2124,21.0_83.5,21.0,83.5
2125,21.5_83.5,21.5,83.5
2126,21.25_83.75,21.25,83.75
2127,21.25_83.75,21.25,83.75
2128,21.25_83.75,21.25,83.75
2129,21.25_83.5,21.25,83.5
2130,21.25_83.75,21.25,83.75
2131,21.25_83.75,21.25,83.75
2132,20.5_84.5,20.5,84.5
2133,20.75_84.0,20.75,84.0
2134,20.75_84.25,20.75,84.25
2135,20.75_83.75,20.75,83.75
2136,20.75_84.0,20.75,84.0
2137,20.75_84.5,20.75,84.5
2138,20.75_84.25,20.75,84.25
2139,20.5_85.5,20.5,85.5
2140,20.5_85.25,20.5,85.25
2141,20.5_85.25,20.5,85.25
2142,20.5_85.75,20.5,85.75
2143,20.0_86.0,20.0,86.0
2144,20.75_85.75,20.75,85.75
2145,20.5_85.5,20.5,85.5
2146,20.75_85.5,20.75,85.5
2147,20.75_85.5,20.75,85.5
2148,21.0_85.75,21.0,85.75
2149,20.75_85.75,20.75,85.75
2150,20.75_85.25,20.75,85.25
2151,21.0_85.75,21.0,85.75
2152,21.0_85.25,21.0,85.25
2153,20.75_85.25,20.75,85.25
2154,20.75_85.75,20.75,85.75
2155,21.0_85.75,21.0,85.75
2156,18.75_84.25,18.75,84.25
2157,19.5_84.25,19.5,84.25
2158,18.75_84.25,18.75,84.25
2159,18.75_84.0,18.75,84.0
2160,19.0_84.25,19.0,84.25
2161,19.5_84.75,19.5,84.75
2162,19.75_84.75,19.75,84.75
2163,19.25_85.0,19.25,85.0
2164,19.75_84.5,19.75,84.5
2165,19.25_84.75,19.25,84.75
2166,19.75_84.5,19.75,84.5
2167,19.25_85.0,19.25,85.0
2168,19.0_84.5,19.0,84.5
2169,19.75_84.75,19.75,84.75
2170,19.25_84.75,19.25,84.75
2171,19.5_85.0,19.5,85.0
2172,19.75_84.75,19.75,84.75
2173,20.0_84.5,20.0,84.5
2174,19.25_84.75,19.25,84.75
2175,19.5_85.0,19.5,85.0
2176,19.25_84.5,19.25,84.5
2177,19.5_85.0,19.5,85.0
2178,19.25_84.75,19.25,84.75
2179,20.0_84.75,20.0,84.75
2180,20.25_86.25,20.25,86.25
2181,20.75_86.0,20.75,86.0
2182,20.75_86.0,20.75,86.0
2183,21.75_84.0,21.75,84.0
2184,21.75_83.75,21.75,83.75
2185,19.75_82.75,19.75,82.75
2186,20.0_83.25,20.0,83.25
2187,19.5_82.75,19.5,82.75
2188,19.75_83.0,19.75,83.0
2189,19.5_83.0,19.5,83.0
2190,20.25_83.5,20.25,83.5
2191,20.5_83.5,20.5,83.5
2192,21.0_86.0,21.0,86.0
2193,21.5_85.75,21.5,85.75
2194,21.25_86.0,21.25,86.0
2195,21.5_85.75,21.5,85.75
2196,22.0_85.5,22.0,85.5
2197,21.5_85.5,21.5,85.5
2198,21.25_86.0,21.25,86.0
2199,21.5_86.0,21.5,86.0
2200,21.75_85.5,21.75,85.5
2201,21.25_85.5,21.25,85.5
2202,21.5_85.5,21.5,85.5
2203,21.75_86.0,21.75,86.0
2204,20.25_86.0,20.25,86.0
2205,20.25_85.75,20.25,85.75
2206,20.0_85.5,20.0,85.5
2207,20.25_85.25,20.25,85.25
2208,20.0_85.5,20.0,85.5
2209,20.0_85.5,20.0,85.5
2210,18.75_82.5,18.75,82.5
2211,18.75_82.5,18.75,82.5
2212,19.0_82.25,19.0,82.25
2213,19.0_82.5,19.0,82.5
2214,19.0_82.5,19.0,82.5
2215,19.0_82.25,19.0,82.25
2216,18.75_82.25,18.75,82.25
2217,19.0_82.5,19.0,82.5
2218,19.0_82.25,19.0,82.25
2219,18.75_82.5,18.75,82.5
2220,19.25_82.5,19.25,82.5
2221,19.0_83.0,19.0,83.0
2222,18.75_82.75,18.75,82.75
2223,19.25_82.25,19.25,82.25
2224,18.5_82.75,18.5,82.75
2225,18.75_82.5,18.75,82.5
2226,18.5_83.0,18.5,83.0
2227,19.0_82.5,19.0,82.5
2228,18.25_82.0,18.25,82.0
2229,21.75_87.25,21.75,87.25
2230,21.75_86.75,21.75,86.75
2231,22.25_86.5,22.25,86.5
2232,21.75_86.75,21.75,86.75
2233,22.25_86.5,22.25,86.5
2234,21.75_86.5,21.75,86.5
2235,21.75_87.0,21.75,87.0
2236,22.25_86.75,22.25,86.75
2237,21.75_86.0,21.75,86.0
2238,21.75_86.0,21.75,86.0
2239,21.75_86.75,21.75,86.75
2240,22.25_86.25,22.25,86.25
2241,22.0_86.5,22.0,86.5
2242,21.5_86.5,21.5,86.5
2243,21.25_86.25,21.25,86.25
2244,22.0_87.0,22.0,87.0
2245,21.75_86.0,21.75,86.0
2246,19.5_82.5,19.5,82.5
2247,19.25_82.25,19.25,82.25
2248,20.5_84.5,20.5,84.5
2249,20.25_85.25,20.25,85.25
2250,20.25_85.0,20.25,85.0
2251,20.25_85.0,20.25,85.0
2252,20.0_85.0,20.0,85.0
2253,20.0_85.0,20.0,85.0
2254,20.25_85.0,20.25,85.0
2255,20.25_82.75,20.25,82.75
2256,20.0_85.75,20.0,85.75
2257,19.75_85.75,19.75,85.75
2258,20.0_86.0,20.0,86.0
2259,20.0_86.0,20.0,86.0
2260,20.0_85.75,20.0,85.75
2261,19.75_85.75,19.75,85.75
2262,20.0_86.25,20.0,86.25
2263,19.25_83.25,19.25,83.25
2264,19.0_83.75,19.0,83.75
2265,19.25_84.0,19.25,84.0
2266,19.25_83.75,19.25,83.75
2267,19.25_83.5,19.25,83.5
2268,21.5_84.25,21.5,84.25
2269,22.0_84.25,22.0,84.25
2270,21.25_84.0,21.25,84.0
2271,21.5_84.0,21.5,84.0
2272,22.0_84.5,22.0,84.5
2273,21.75_84.5,21.75,84.5
2274,21.25_84.25,21.25,84.25
2275,21.25_84.5,21.25,84.5
2276,21.5_84.0,21.5,84.0
2277,21.75_84.0,21.75,84.0
2278,21.5_84.0,21.5,84.0
2279,21.0_83.75,21.0,83.75
2280,21.0_83.75,21.0,83.75
2281,20.75_84.0,20.75,84.0
2282,22.25_84.0,22.25,84.0
2283,22.5_84.75,22.5,84.75
2284,22.0_83.75,22.0,83.75
2285,22.25_84.0,22.25,84.0
2286,22.25_84.0,22.25,84.0
2287,22.25_84.75,22.25,84.75
2288,22.0_83.75,22.0,83.75
2289,22.0_84.0,22.0,84.0
2290,22.25_84.0,22.25,84.0
2291,26.25_87.5,26.25,87.5
2292,24.75_84.5,24.75,84.5
2293,25.0_87.0,25.0,87.0
2294,25.0_87.25,25.0,87.25
2295,25.5_86.5,25.5,86.5
2296,25.5_86.25,25.5,86.25
2297,25.5_86.25,25.5,86.25
2298,25.25_87.0,25.25,87.0
2299,25.25_87.25,25.25,87.25
2300,25.25_86.75,25.25,86.75
2301,25.5_84.5,25.5,84.5
2302,25.5_84.5,25.5,84.5
2303,26.25_86.0,26.25,86.0
2304,24.75_85.0,24.75,85.0
2305,25.0_86.25,25.0,86.25
2306,25.25_84.75,25.25,84.75
2307,25.5_87.5,25.5,87.5
2308,25.5_87.25,25.5,87.25
2309,25.5_86.75,25.5,86.75
2310,25.5_86.5,25.5,86.5
2311,25.5_86.5,25.5,86.5
2312,26.0_88.0,26.0,88.0
2313,26.5_88.25,26.5,88.25
2314,25.25_86.0,25.25,86.0
2315,26.0_87.0,26.0,87.0
2316,26.5_86.25,26.5,86.25
2317,25.25_86.5,25.25,86.5
2318,25.0_86.75,25.0,86.75
2319,25.25_86.5,25.25,86.5
2320,25.0_86.5,25.0,86.5
2321,26.25_85.5,26.25,85.5
2322,26.0_85.5,26.0,85.5
2323,26.0_85.25,26.0,85.25
2324,25.25_85.5,25.25,85.5
2325,25.5_85.5,25.5,85.5
2326,25.0_85.5,25.0,85.5
2327,24.75_85.75,24.75,85.75
2328,24.75_85.5,24.75,85.5
2329,25.25_84.75,25.25,84.75
2330,25.75_85.0,25.75,85.0
2331,25.75_87.5,25.75,87.5
2332,26.0_86.75,26.0,86.75
2333,25.75_85.75,25.75,85.75
2334,25.75_85.0,25.75,85.0
2335,25.75_84.75,25.75,84.75
2336,25.75_85.0,25.75,85.0
2337,26.5_85.5,26.5,85.5
2338,26.0_84.25,26.0,84.25
2339,26.5_87.0,26.5,87.0
2340,26.25_86.75,26.25,86.75
2341,26.25_86.75,26.25,86.75
2342,26.0_86.5,26.0,86.5
2343,25.75_85.25,25.75,85.25
2344,25.5_85.5,25.5,85.5
2345,25.75_85.5,25.75,85.5
2346,21.75_82.0,21.75,82.0
2347,21.75_82.0,21.75,82.0
2348,21.75_82.25,21.75,82.25
2349,21.75_81.75,21.75,81.75
2350,21.75_82.25,21.75,82.25
2351,21.75_82.5,21.75,82.5
2352,21.5_82.5,21.5,82.5
2353,21.75_82.25,21.75,82.25
2354,21.75_82.75,21.75,82.75
2355,21.25_82.25,21.25,82.25
2356,21.5_82.0,21.5,82.0
2357,21.75_81.75,21.75,81.75
2358,19.25_82.0,19.25,82.0
2359,19.25_81.75,19.25,81.75
2360,19.25_81.75,19.25,81.75
2361,19.5_81.75,19.5,81.75
2362,20.75_81.75,20.75,81.75
2363,20.5_82.0,20.5,82.0
2364,20.5_81.75,20.5,81.75
2365,21.0_81.75,21.0,81.75
2366,21.0_81.75,21.0,81.75
2367,20.25_82.0,20.25,82.0
2368,20.75_81.25,20.75,81.25
2369,21.0_81.5,21.0,81.5
2370,20.75_81.5,20.75,81.5
2371,21.25_81.5,21.25,81.5
2372,20.5_81.5,20.5,81.5
2373,21.25_81.5,21.25,81.5
2374,21.0_81.5,21.0,81.5
2375,21.25_81.25,21.25,81.25
2376,20.75_81.0,20.75,81.0
2377,20.75_82.25,20.75,82.25
2378,20.25_82.25,20.25,82.25
2379,20.0_82.5,20.0,82.5
2380,21.0_82.0,21.0,82.0
2381,20.5_82.0,20.5,82.0
2382,20.0_82.25,20.0,82.25
2383,20.25_82.25,20.25,82.25
2384,20.5_82.25,20.5,82.25
2385,20.25_82.25,20.25,82.25
2386,20.75_82.0,20.75,82.0
2387,21.0_82.0,21.0,82.0
2388,20.25_82.25,20.25,82.25
2389,22.5_81.75,22.5,81.75
2390,22.75_82.0,22.75,82.0
2391,23.0_82.0,23.0,82.0
2392,22.0_82.5,22.0,82.5
2393,22.0_82.75,22.0,82.75
2394,21.75_83.0,21.75,83.0
2395,21.75_82.5,21.75,82.5
2396,21.75_83.0,21.75,83.0
2397,21.75_83.0,21.75,83.0
2398,21.75_82.75,21.75,82.75
2399,21.75_82.75,21.75,82.75
2400,21.75_82.5,21.75,82.5
2401,21.75_82.75,21.75,82.75
2402,21.75_82.5,21.75,82.5
2403,23.0_83.75,23.0,83.75
2404,22.75_83.75,22.75,83.75
2405,23.0_84.25,23.0,84.25
2406,22.5_84.0,22.5,84.0
2407,22.5_83.75,22.5,83.75
2408,22.75_84.0,22.75,84.0
2409,22.5_84.0,22.5,84.0
2410,22.5_83.75,22.5,83.75
2411,22.5_83.5,22.5,83.5
2412,22.75_83.75,22.75,83.75
2413,22.5_83.5,22.5,83.5
2414,22.75_83.75,22.75,83.75
2415,22.5_84.0,22.5,84.0
2416,22.25_81.0,22.25,81.0
2417,21.75_81.0,21.75,81.0
2418,22.5_82.5,22.5,82.5
2419,22.5_82.75,22.5,82.75
2420,22.5_82.5,22.5,82.5
2421,22.75_82.5,22.75,82.5
2422,22.75_82.75,22.75,82.75
2423,22.75_82.5,22.75,82.5
2424,22.25_82.25,22.25,82.25
2425,22.75_82.25,22.75,82.25
2426,22.5_82.5,22.5,82.5
2427,23.25_82.5,23.25,82.5
2428,23.25_82.25,23.25,82.25
2429,23.25_82.5,23.25,82.5
2430,23.25_82.5,23.25,82.5
2431,23.25_82.25,23.25,82.25
2432,23.25_82.25,23.25,82.25
2433,23.5_82.5,23.5,82.5
2434,21.0_82.5,21.0,82.5
2435,21.25_82.75,21.25,82.75
2436,21.0_82.5,21.0,82.5
2437,21.0_82.5,21.0,82.5
2438,21.25_82.0,21.25,82.0
2439,22.5_83.5,22.5,83.5
2440,22.25_83.25,22.25,83.25
2441,22.25_83.5,22.25,83.5
2442,22.5_83.25,22.5,83.25
2443,22.75_83.5,22.75,83.5
2444,22.75_83.25,22.75,83.25
2445,22.0_83.25,22.0,83.25
2446,22.25_83.0,22.25,83.0
2447,21.75_83.25,21.75,83.25
2448,21.0_81.75,21.0,81.75
2449,21.75_82.25,21.75,82.25
2450,21.25_81.75,21.25,81.75
2451,21.5_81.75,21.5,81.75
2452,21.5_82.25,21.5,82.25
2453,20.75_82.0,20.75,82.0
2454,21.0_82.0,21.0,82.0
2455,21.5_82.0,21.5,82.0
2456,21.25_81.75,21.25,81.75
2457,21.5_81.75,21.5,81.75
2458,21.5_81.0,21.5,81.0
2459,21.0_80.75,21.0,80.75
2460,21.0_80.75,21.0,80.75
2461,22.75_83.5,22.75,83.5
2462,23.5_82.75,23.5,82.75
2463,23.0_83.25,23.0,83.25
2464,23.5_83.25,23.5,83.25
2465,23.0_82.75,23.0,82.75
2466,23.0_82.75,23.0,82.75
2467,23.5_83.0,23.5,83.0
2468,23.25_83.0,23.25,83.0
2469,23.25_83.5,23.25,83.5
2470,23.25_82.75,23.25,82.75
2471,23.25_82.75,23.25,82.75
2472,23.25_83.0,23.25,83.0
2473,23.0_83.0,23.0,83.0
2474,23.0_83.0,23.0,83.0
2475,23.0_83.0,23.0,83.0
2476,30.25_74.75,30.25,74.75
2477,30.0_75.0,30.0,75.0
2478,30.25_75.0,30.25,75.0
2479,30.0_74.75,30.0,74.75
2480,30.0_75.0,30.0,75.0
2481,30.25_75.0,30.25,75.0
2482,30.25_74.75,30.25,74.75
2483,30.75_74.75,30.75,74.75
2484,30.5_74.75,30.5,74.75
2485,30.5_74.75,30.5,74.75
2486,30.75_74.75,30.75,74.75
2487,30.25_74.25,30.25,74.25
2488,30.0_74.5,30.0,74.5
2489,30.25_74.0,30.25,74.0
2490,30.0_74.25,30.0,74.25
2491,30.75_74.75,30.75,74.75
2492,32.0_75.25,32.0,75.25
2493,32.0_75.0,32.0,75.0
2494,32.0_75.25,32.0,75.25
2495,32.0_75.5,32.0,75.5
2496,31.5_76.0,31.5,76.0
2497,31.75_75.75,31.75,75.75
2498,32.0_75.75,32.0,75.75
2499,32.0_75.75,32.0,75.75
2500,31.5_75.75,31.5,75.75
2501,32.0_76.0,32.0,76.0
2502,31.25_76.0,31.25,76.0
2503,31.5_75.75,31.5,75.75
2504,31.0_75.75,31.0,75.75
2505,29.75_75.25,29.75,75.25
2506,29.75_75.25,29.75,75.25
2507,30.5_76.75,30.5,76.75
2508,30.5_77.0,30.5,77.0
2509,30.5_74.5,30.5,74.5
2510,30.5_74.5,30.5,74.5
2511,32.25_75.5,32.25,75.5
2512,32.25_75.5,32.25,75.5
2513,32.25_75.5,32.25,75.5
2514,32.25_75.5,32.25,75.5
2515,32.25_75.5,32.25,75.5
2516,31.0_76.5,31.0,76.5
2517,31.0_76.5,31.0,76.5
2518,31.25_76.5,31.25,76.5
2519,31.25_76.5,31.25,76.5
2520,31.25_76.5,31.25,76.5
2521,9.25_76.75,9.25,76.75
2522,10.25_76.5,10.25,76.5
2523,10.25_76.25,10.25,76.25
2524,10.25_76.25,10.25,76.25
2525,10.0_76.25,10.0,76.25
2526,10.25_76.5,10.25,76.5
2527,10.25_76.5,10.25,76.5
2528,10.25_76.25,10.25,76.25
2529,10.0_76.5,10.0,76.5
2530,10.25_76.5,10.25,76.5
2531,10.25_76.5,10.25,76.5
2532,10.0_76.5,10.0,76.5
2533,10.0_76.75,10.0,76.75
2534,10.0_76.5,10.0,76.5
2535,10.25_76.5,10.25,76.5
2536,10.0_77.0,10.0,77.0
2537,12.0_75.5,12.0,75.5
2538,12.0_75.5,12.0,75.5
2539,12.0_75.25,12.0,75.25
2540,12.25_75.25,12.25,75.25
2541,11.75_75.5,11.75,75.5
2542,12.0_75.5,12.0,75.5
2543,12.0_75.5,12.0,75.5
2544,12.0_75.25,12.0,75.25
2545,11.75_75.75,11.75,75.75
2546,11.75_75.75,11.75,75.75
2547,11.75_75.75,11.75,75.75
2548,12.25_75.5,12.25,75.5
2549,12.0_75.75,12.0,75.75
2550,12.25_75.25,12.25,75.25
2551,12.0_75.5,12.0,75.5
2552,12.0_75.5,12.0,75.5
2553,11.75_75.5,11.75,75.5
2554,12.0_75.25,12.0,75.25
2555,12.0_75.5,12.0,75.5
2556,12.0_75.25,12.0,75.25
2557,12.0_75.25,12.0,75.25
2558,12.25_75.25,12.25,75.25
2559,12.75_75.0,12.75,75.0
2560,12.5_75.25,12.5,75.25
2561,12.5_75.0,12.5,75.0
2562,12.25_75.25,12.25,75.25
2563,12.5_75.25,12.5,75.25
2564,12.75_75.0,12.75,75.0
2565,12.5_75.25,12.5,75.25
2566,12.5_75.25,12.5,75.25
2567,12.5_75.25,12.5,75.25
2568,12.25_75.25,12.25,75.25
2569,12.5_75.25,12.5,75.25
2570,12.75_75.0,12.75,75.0
2571,12.25_75.0,12.25,75.0
2572,12.5_75.25,12.5,75.25
2573,12.5_75.25,12.5,75.25
2574,12.25_75.25,12.25,75.25
2575,11.5_75.75,11.5,75.75
2576,11.25_75.75,11.25,75.75
2577,11.5_75.75,11.5,75.75
2578,11.75_75.75,11.75,75.75
2579,11.25_75.75,11.25,75.75
2580,11.5_76.0,11.5,76.0
2581,11.25_76.0,11.25,76.0
2582,11.5_75.75,11.5,75.75
2583,11.5_75.75,11.5,75.75
2584,11.25_76.0,11.25,76.0
2585,11.25_76.0,11.25,76.0
2586,11.25_76.0,11.25,76.0
2587,11.75_75.5,11.75,75.5
2588,11.5_75.75,11.5,75.75
2589,11.5_76.0,11.5,76.0
2590,11.25_76.0,11.25,76.0
2591,11.5_76.0,11.5,76.0
2592,11.5_75.75,11.5,75.75
2593,11.5_75.75,11.5,75.75
2594,11.5_75.75,11.5,75.75
2595,11.5_75.75,11.5,75.75
2596,11.5_75.75,11.5,75.75
2597,11.5_75.75,11.5,75.75
2598,11.25_76.0,11.25,76.0
2599,11.0_76.0,11.0,76.0
2600,10.75_76.0,10.75,76.0
2601,11.0_76.25,11.0,76.25
2602,11.25_76.25,11.25,76.25
2603,10.75_76.0,10.75,76.0
2604,11.25_76.0,11.25,76.0
2605,11.0_76.25,11.0,76.25
2606,11.25_76.25,11.25,76.25
2607,10.75_76.0,10.75,76.0
2608,11.0_76.25,11.0,76.25
2609,10.75_76.0,10.75,76.0
2610,11.0_76.0,11.0,76.0
2611,11.0_76.0,11.0,76.0
2612,10.75_76.0,10.75,76.0
2613,11.0_76.25,11.0,76.25
2614,11.0_76.25,11.0,76.25
2615,11.0_76.25,11.0,76.25
2616,10.75_76.0,10.75,76.0
2617,11.0_76.0,11.0,76.0
2618,11.0_76.25,11.0,76.25
2619,10.75_76.0,10.75,76.0
2620,11.0_76.0,11.0,76.0
2621,11.0_76.0,11.0,76.0
2622,11.5_76.25,11.5,76.25
2623,11.0_76.25,11.0,76.25
2624,11.0_76.25,11.0,76.25
2625,10.75_76.5,10.75,76.5
2626,10.75_76.0,10.75,76.0
2627,10.5_76.75,10.5,76.75
2628,10.75_76.75,10.75,76.75
2629,11.0_76.5,11.0,76.5
2630,10.75_76.75,10.75,76.75
2631,11.0_76.5,11.0,76.5
2632,11.0_76.5,11.0,76.5
2633,10.75_76.5,10.75,76.5
2634,10.75_76.75,10.75,76.75
2635,11.0_76.5,11.0,76.5
2636,10.75_76.75,10.75,76.75
2637,10.5_76.75,10.5,76.75
2638,10.75_76.5,10.75,76.5
2639,10.5_76.5,10.5,76.5
2640,10.75_76.5,10.75,76.5
2641,10.75_76.5,10.75,76.5
2642,10.75_76.75,10.75,76.75
2643,10.75_76.0,10.75,76.0
2644,11.0_76.5,11.0,76.5
2645,10.75_76.5,10.75,76.5
2646,10.75_76.25,10.75,76.25
2647,10.5_76.25,10.5,76.25
2648,10.5_76.0,10.5,76.0
2649,10.75_76.25,10.75,76.25
2650,10.25_76.25,10.25,76.25
2651,10.75_76.25,10.75,76.25
2652,10.75_76.0,10.75,76.0
2653,10.5_76.25,10.5,76.25
2654,10.25_76.25,10.25,76.25
2655,10.25_76.25,10.25,76.25
2656,10.75_76.25,10.75,76.25
2657,10.75_76.5,10.75,76.5
2658,10.5_76.25,10.5,76.25
2659,10.5_76.5,10.5,76.5
2660,10.5_76.5,10.5,76.5
2661,10.75_76.0,10.75,76.0
2662,10.25_76.5,10.25,76.5
2663,10.75_76.0,10.75,76.0
2664,10.5_76.0,10.5,76.0
2665,10.5_76.25,10.5,76.25
2666,10.5_76.25,10.5,76.25
2667,10.5_76.25,10.5,76.25
2668,10.25_76.25,10.25,76.25
2669,10.5_76.25,10.5,76.25
2670,10.5_76.0,10.5,76.0
2671,10.25_76.25,10.25,76.25
2672,10.5_76.25,10.5,76.25
2673,10.5_76.0,10.5,76.0
2674,11.5_76.25,11.5,76.25
2675,11.75_76.25,11.75,76.25
2676,11.75_76.0,11.75,76.0
2677,11.75_76.0,11.75,76.0
2678,11.75_76.0,11.75,76.0
2679,11.5_76.0,11.5,76.0
2680,11.75_76.0,11.75,76.0
2681,11.75_76.25,11.75,76.25
2682,11.75_76.25,11.75,76.25
2683,11.5_76.25,11.5,76.25
2684,11.75_76.0,11.75,76.0
2685,11.75_76.25,11.75,76.25
2686,11.75_75.75,11.75,75.75
2687,11.5_76.0,11.5,76.0
2688,11.75_76.0,11.75,76.0
2689,11.5_76.0,11.5,76.0
2690,11.75_76.0,11.75,76.0
2691,23.0_87.25,23.0,87.25
2692,23.25_87.0,23.25,87.0
2693,23.25_87.0,23.25,87.0
2694,23.25_87.0,23.25,87.0
2695,23.25_87.0,23.25,87.0
2696,23.5_87.0,23.5,87.0
2697,23.25_87.5,23.25,87.5
2698,23.0_87.5,23.0,87.5
2699,22.75_87.0,22.75,87.0
2700,23.0_87.0,23.0,87.0
2701,23.5_87.0,23.5,87.0
2702,24.0_87.5,24.0,87.5
2703,24.0_87.75,24.0,87.75
2704,24.25_87.75,24.25,87.75
2705,24.0_87.5,24.0,87.5
2706,23.75_87.5,23.75,87.5
2707,24.0_87.5,24.0,87.5
2708,24.0_87.5,24.0,87.5
2709,23.75_87.25,23.75,87.25
2710,24.25_87.75,24.25,87.75
2711,24.0_87.75,24.0,87.75
2712,24.0_87.5,24.0,87.5
2713,24.25_87.75,24.25,87.75
2714,26.25_89.5,26.25,89.5
2715,26.25_89.0,26.25,89.0
2716,26.75_88.25,26.75,88.25
2717,26.75_88.25,26.75,88.25
2718,23.0_88.5,23.0,88.5
2719,23.25_88.5,23.25,88.5
2720,27.0_88.75,27.0,88.75
2721,26.5_88.5,26.5,88.5
2722,26.5_88.5,26.5,88.5
2723,26.75_88.75,26.75,88.75
2724,26.75_89.25,26.75,89.25
2725,26.5_88.75,26.5,88.75
2726,26.5_88.5,26.5,88.5
2727,25.25_88.25,25.25,88.25
2728,25.25_88.25,25.25,88.25
2729,25.25_88.25,25.25,88.25
2730,25.0_88.25,25.0,88.25
2731,23.5_88.5,23.5,88.5
2732,23.75_88.5,23.75,88.5
2733,23.25_88.5,23.25,88.5
2734,23.5_88.25,23.5,88.25
2735,23.0_88.75,23.0,88.75
2736,23.5_87.25,23.5,87.25
2737,23.75_86.75,23.75,86.75
2738,23.5_87.25,23.5,87.25
2739,23.75_87.0,23.75,87.0
2740,23.5_87.25,23.5,87.25
2741,23.75_87.0,23.75,87.0
2742,23.25_88.0,23.25,88.0
2743,23.5_87.75,23.5,87.75
2744,23.75_88.0,23.75,88.0
2745,23.5_86.5,23.5,86.5
2746,23.25_86.25,23.25,86.25
2747,23.25_86.75,23.25,86.75
2748,23.5_86.5,23.5,86.5
2749,23.25_86.75,23.25,86.75
2750,23.25_86.25,23.25,86.25
2751,23.25_86.0,23.25,86.0
2752,23.0_86.0,23.0,86.0
2753,23.25_86.25,23.25,86.25
2754,22.5_88.25,22.5,88.25
2755,22.5_88.25,22.5,88.25
2756,22.25_88.5,22.25,88.5
2757,22.0_87.25,22.0,87.25
2758,22.5_87.25,22.5,87.25
