weeks_before_reading,JAN,MAY,AUG,NOV
104,0.005786964,0.011806419,0.014161137,0.008678549
103,0.005774293,0.011826556,0.014511527,0.008370967
102,0.0059933714,0.011668605,0.014730277,0.007939975
101,0.0062542777,0.011481117,0.014656068,0.0074889734
100,0.0065320637,0.01153116,0.014363661,0.006953122
99,0.0066363034,0.0117805805,0.013871307,0.0064945915
98,0.006866627,0.012052588,0.013277821,0.006082738
97,0.007133239,0.012340497,0.012492669,0.005809386
96,0.007353895,0.01270123,0.011580681,0.0056501958
95,0.0076322285,0.013114382,0.011076561,0.005685132
94,0.008115718,0.01346922,0.010232479,0.005853804
93,0.008541272,0.013895478,0.009687785,0.006109548
92,0.008961012,0.014268383,0.009251976,0.006421588
91,0.009244895,0.014585571,0.00870887,0.0067734523
90,0.009430395,0.014735208,0.008037584,0.0071596755
89,0.009649646,0.014929692,0.0074560335,0.0075578145
88,0.010034365,0.014896193,0.0069753327,0.007928426
87,0.010329481,0.01472308,0.0065150196,0.00823885
86,0.010755389,0.014140134,0.0062634246,0.008689122
85,0.011289908,0.013741109,0.006078246,0.009288907
84,0.011548318,0.013062338,0.005960997,0.009888874
83,0.011764679,0.012144969,0.0059113777,0.010122315
82,0.011995222,0.011687961,0.005964081,0.01041403
81,0.012046406,0.01096314,0.0061166957,0.010694991
80,0.01199111,0.010268023,0.006345008,0.011018316
79,0.012031119,0.009668834,0.0066188225,0.010849972
78,0.012177225,0.008868811,0.0069374703,0.010588759
77,0.012287093,0.007887376,0.0072936574,0.010441546
76,0.012536715,0.0070177987,0.007677772,0.010194294
75,0.01283923,0.006325162,0.008019525,0.0098870555
74,0.012987575,0.005740292,0.008326754,0.009816616
73,0.012999427,0.005368154,0.008747945,0.009737733
72,0.013150771,0.0050866175,0.009338987,0.009860488
71,0.013260824,0.004889904,0.009875634,0.0100833
70,0.013080701,0.0048042415,0.010148556,0.010441667
69,0.0124166645,0.0047956984,0.010353631,0.010854451
68,0.011948377,0.0049008303,0.010561043,0.011231045
67,0.01143946,0.0050755553,0.010908962,0.011623937
66,0.010588353,0.0052777035,0.010760875,0.012166334
65,0.010212126,0.0055190707,0.01046106,0.012533106
64,0.009690505,0.005795601,0.010272612,0.012802504
63,0.009251729,0.0060762055,0.01007101,0.012968818
62,0.008825764,0.006365282,0.009833241,0.01289613
61,0.008343472,0.0067126327,0.0098000895,0.012720488
60,0.007653477,0.007143316,0.009761269,0.012437098
59,0.0069748554,0.0076934104,0.009923243,0.012023352
58,0.0064332066,0.008234869,0.010191849,0.011419267
57,0.006019341,0.008791509,0.010611523,0.010737742
56,0.005722297,0.009184102,0.011070067,0.010432252
55,0.005525714,0.009644007,0.011507698,0.010016547
54,0.005394207,0.01012453,0.011916297,0.009599629
53,0.0053626536,0.010222358,0.012507575,0.009150473
52,0.0053837243,0.010465888,0.012959067,0.008567692
51,0.005487812,0.0106933825,0.013319126,0.007934054
50,0.0056657162,0.010990503,0.013486175,0.0073880246
49,0.0058668884,0.0110543715,0.013473063,0.006865003
48,0.006096088,0.011123321,0.013300959,0.0063198437
47,0.0063828947,0.011311934,0.012957701,0.006045543
46,0.0066572293,0.011617837,0.012483281,0.005819993
45,0.006876027,0.011920139,0.011872657,0.005648654
44,0.0070559406,0.01236946,0.011160356,0.005569841
43,0.0073138434,0.012964279,0.010822272,0.0056055337
42,0.0076580625,0.013469366,0.010661894,0.0057294117
41,0.008024519,0.013947204,0.010269135,0.0059001707
40,0.008442074,0.014470744,0.009857577,0.0061937715
39,0.0088106925,0.014987063,0.009223137,0.006553179
38,0.009332717,0.015385778,0.008518384,0.0069903303
37,0.0098774,0.015532591,0.007955399,0.0074679996
36,0.010131069,0.015359955,0.007365183,0.0078724725
35,0.010158472,0.015077727,0.006710647,0.008242733
34,0.010186551,0.014599113,0.006160867,0.008505026
33,0.010411757,0.014011002,0.005792602,0.009039254
32,0.01060419,0.01331526,0.0054852786,0.0095176725
31,0.010615275,0.012548979,0.005288147,0.009904751
30,0.010814073,0.012227902,0.00521705,0.010205738
29,0.011068825,0.0121914195,0.0052553075,0.010432211
28,0.011282271,0.012045831,0.005327239,0.010587384
27,0.011474161,0.011635554,0.005563638,0.0106324395
26,0.011801633,0.011079311,0.0058980593,0.010467447
25,0.012093629,0.010180247,0.0063622026,0.010220107
24,0.012335377,0.0094599575,0.006889422,0.00998505
23,0.012739684,0.008427434,0.007310483,0.009686491
22,0.013034513,0.0075126444,0.007707714,0.00937436
21,0.013401741,0.006574019,0.008043112,0.009198413
20,0.013734296,0.005958025,0.0086835185,0.009141115
19,0.01365687,0.0053450693,0.009270042,0.009164206
18,0.013617471,0.00492357,0.009869899,0.009304414
17,0.0132792685,0.0046644574,0.0104180705,0.009515667
16,0.012753591,0.0044218968,0.011049373,0.009723019
15,0.012318482,0.004210161,0.01184723,0.009978614
14,0.012209225,0.0041774656,0.0121518485,0.010494765
13,0.012178506,0.0042041163,0.011802868,0.01088434
12,0.012236235,0.0042935535,0.0114317015,0.011485628
11,0.011888187,0.0043953364,0.011661098,0.012391226
10,0.011540965,0.0044107405,0.0117544485,0.013869747
9,0.011053779,0.0044048284,0.011589558,0.015257407
8,0.009961648,0.0045388737,0.01150376,0.015791388
7,0.009362394,0.0048821936,0.010784035,0.016479185
6,0.008478103,0.0053377696,0.010035848,0.015874619
5,0.0077201314,0.0057661193,0.0096042985,0.014823538
4,0.006640141,0.0060491324,0.00931739,0.014108216
3,0.0063747154,0.006451196,0.008899777,0.014094174
2,0.006342811,0.00682827,0.008992576,0.013764497
1,0.0067544254,0.0071595525,0.008911784,0.012555746
