district,resid_mean,n,wells
Junagadh,0.153809,1675,21
Amreli,0.14643027,1276,16
Neemuch,0.14592096,904,11
Shajapur,0.10149518,489,6
Rajgarh,0.09811082,757,9
Bhavnagar,0.094767734,780,10
Banaskantha,0.09379338,556,7
Chhindwara,0.088491395,1669,20
Medak,0.0839735,492,6
Porbandar,0.08191162,484,6
Mandsaur,0.081845246,1574,19
Dewas,0.07679024,1423,17
Harda,0.07300966,424,5
Purba bardhaman,0.07269055,183,3
Dakshin kannada,0.068879,1409,17
Jalpaiguri,0.06824719,440,7
Jamnagar,0.06590489,1935,24
Damoh,0.06567176,985,12
Guna,0.062177174,416,5
Sabarkantha,0.05692885,998,12
Faridkot,0.056781255,337,4
Narmada,0.056364276,398,5
Udupi,0.052220922,995,12
Rajkot,0.049974542,1269,16
Indore,0.04404217,255,3
Sindudurg,0.043775108,2092,26
Betul,0.043243922,1184,14
Bankura,0.04130185,688,11
Sehore,0.041105524,516,6
Kasaragod,0.040605366,1086,17
Sheopur,0.03961214,495,6
Jaunpur,0.037285477,302,4
Uttara kannada,0.036435787,1489,18
Sagar,0.035474002,1843,22
Vadodara,0.035438668,1222,15
Jabalpur,0.033782866,330,4
Vidisha,0.032894965,931,11
Azamgarh,0.032099877,885,11
Bathinda,0.032050535,584,7
Ratnagiri,0.03183901,2083,26
Kannur,0.027817192,1401,22
Ashok nagar,0.02668053,566,7
Dang,0.025561001,1128,14
Surat,0.024033701,1373,17
Nizamabad,0.022746023,732,9
Bhopal,0.020900326,335,4
Shivpuri,0.018143222,1146,14
Nadia,0.017834017,253,4
Panna,0.017572178,923,11
Nagpur,0.017000647,1302,16
Agar malwa,0.015574815,421,5
Dhar,0.0152424555,1077,13
Raisen,0.014997051,1024,12
Mainpuri,0.0138331875,323,4
Navsari,0.011906114,478,6
Hoshangabad,0.011082198,926,11
Mathura,0.011023885,243,3
Narsimhapur,0.008504713,323,4
Bangalore urban,0.0071768262,243,3
Malappuram,0.007013457,1585,25
Balaghat,0.0048989505,1573,19
Raibareli,0.004828923,1228,15
Amravati,0.0037882566,1628,20
Kanpur dehat,0.0023836482,233,3
Ratlam,0.001282006,657,8
West nimar,0.00019768732,829,10
Paschim bardhaman,-0.00015031845,373,6
Ghazipur,-0.0005386533,488,6
Rewa,-0.005380432,964,12
Puruliya,-0.0069138063,559,9
Ballia,-0.008129271,737,9
Auraiya,-0.008850104,319,4
West godavari,-0.009810255,570,7
Dohad,-0.011018017,1131,14
East nimar,-0.0126995025,991,12
Praygraj,-0.014319767,324,4
Wardha,-0.014334128,2010,25
Nalanda,-0.014571966,239,3
Sirsa,-0.015325535,472,6
Thrissur,-0.01559813,383,6
Anand,-0.016569322,230,3
Kheda,-0.017309856,409,5
Burhanpur,-0.018000185,327,4
Gonda,-0.0181236,325,4
Kozhikode,-0.018504944,1460,23
Raigad,-0.018774016,1191,15
Sultanpur,-0.018813819,1536,19
Palakkad,-0.01983682,1497,24
Gadchiroli,-0.020640908,718,9
Bhandara,-0.021151867,1299,16
Barwani,-0.021354511,253,3
Rajnandgaon,-0.022383492,251,3
Katni,-0.022648964,1114,13
Surguja,-0.023600286,1216,15
Palamau,-0.024211707,454,6
Kalahandi,-0.025941398,432,7
Ujjain,-0.026882129,497,6
Deoria,-0.027078079,542,7
Seoni,-0.02881221,2096,25
Sidhi,-0.029069439,1166,14
Trichur,-0.029673345,1330,21
Alirajpur,-0.029851561,330,4
Siddharthnagar,-0.029886773,590,7
Valsad,-0.03000585,741,9
Bhiwani,-0.030111102,795,10
Morena,-0.031165648,332,4
Ayodhya,-0.031450618,240,3
Gumla,-0.03195705,492,6
Kolhapur,-0.032311432,1736,22
Giridih,-0.033021282,313,4
Chhatarpur,-0.033072293,1521,18
Unnao,-0.033824086,694,9
Dhamtari,-0.033983994,501,6
Salem,-0.034244925,681,9
Satna,-0.03534663,1922,23
Kendujhar,-0.0355193,766,12
Lucknow,-0.036418516,249,3
Chandrapur,-0.03840877,2351,29
Vaishali,-0.040052395,226,3
Shahdol,-0.040343523,917,11
Mahasamund,-0.04050459,413,5
Cuddapah,-0.04130167,493,6
Raipur,-0.04174362,825,10
Durg,-0.04219358,742,9
Ahmedabad,-0.042332716,403,5
Chitrakoot,-0.042961244,553,7
Adilabad,-0.043217003,990,12
Jashpur,-0.04379635,1047,13
Umaria,-0.04404536,430,5
Muzaffarpur,-0.044747446,237,3
Janjgir - champa,-0.04659789,901,11
Kushinagar,-0.047205873,326,4
Thane,-0.04726606,1173,15
Saran,-0.04826081,236,3
Nagaon,-0.048650846,247,4
Mandla,-0.04940323,1186,14
Gondia,-0.049468607,885,11
Shivamogga,-0.050299045,1246,15
Mahoba,-0.050531615,236,3
Pune,-0.051288404,1679,21
Bastar,-0.051320218,322,4
Mayurbhanj,-0.05370131,1068,17
Rayagada,-0.05518087,307,5
Belgaum,-0.055999722,2695,32
Pudukkottai,-0.05715274,813,10
Korba,-0.05815499,752,9
East godavari,-0.058417547,1440,18
Balrampur,-0.058500025,727,9
Chandauli,-0.059402086,243,3
Pratapgarh,-0.05994931,688,9
Jind,-0.06028198,231,3
Fazilka,-0.06061322,333,4
Bhind,-0.0610194,252,3
Birbhum,-0.061202828,745,12
Maldah,-0.06168882,247,4
Balodabazar,-0.06251262,1076,12
Surendranagar,-0.06317843,478,6
Gariaband,-0.06412139,1069,12
Baudh,-0.06425883,438,7
Gwalior,-0.06469855,662,8
Sundargarh,-0.06484516,572,9
Barabanki,-0.066407524,1080,13
Bagalkote,-0.06707577,326,4
Koriya,-0.067410715,582,7
Wayanad,-0.067917086,1073,17
Anuppur,-0.06845713,586,7
Ernakulam,-0.0691482,892,14
Gaurella pendra marwahi,-0.06966014,243,3
Bharuch,-0.06967924,1106,14
Mahbubnagar,-0.06999103,334,4
Nalgonda,-0.07129425,1220,15
Karimnagar,-0.072092526,582,7
Kanpur nagar,-0.07210649,329,4
Kodagu,-0.07323505,1150,14
Gajapati,-0.07333826,302,5
Singrauli,-0.07463721,246,3
Palghar,-0.07603473,804,10
Panchmahals,-0.0762628,1047,13
Begusarai,-0.07750434,237,3
Dindori,-0.0776292,592,7
Mirzapur,-0.077755585,625,8
Khammam,-0.07875354,1068,13
Dhenkanal,-0.079106875,762,12
Hazaribag,-0.08088522,232,3
Bhagalpur,-0.08101471,227,3
South 24 parganas,-0.08110253,184,3
Allahabad,-0.0824802,491,6
Varanasi,-0.082569435,403,5
Tikamgarh,-0.08270826,599,7
Satara,-0.08294413,469,6
Aligarh,-0.08337868,395,5
Beed,-0.08366931,628,8
Koraput,-0.08423733,1135,18
Kurnool,-0.0846021,1548,19
Ballari,-0.08528343,416,5
Rohtak,-0.08558296,239,3
Mahesana,-0.08599761,986,12
Warangal rural,-0.08695295,669,8
Jhabua,-0.087242715,498,6
Munger,-0.08749281,309,4
Bijapur,-0.08778703,1455,18
Sonbhadra,-0.08814067,955,12
North west,-0.08884559,412,5
Mysore,-0.0904514,332,4
Raigarh,-0.09226213,707,9
Maharajganj,-0.092886046,320,4
Basti,-0.09292894,414,5
Anantapur,-0.093645416,2284,28
Dumka,-0.09440004,306,4
Banda,-0.094457015,317,4
Nayagarh,-0.0947803,452,7
Bareilly,-0.09495141,238,3
Raichur,-0.095920116,323,4
Kachchh,-0.096385375,1556,19
Balangir,-0.09739807,562,9
Nellore,-0.09928155,738,9
Sonapur,-0.10052729,188,3
Ganjam,-0.10271432,1177,19
Datia,-0.10418254,333,4
Bargarh,-0.10433869,435,7
Sitapur,-0.107774235,738,9
Anugul,-0.11083985,1012,16
Nilgiris,-0.11386566,495,6
Vellore,-0.11408944,856,11
Ranga reddy,-0.11453763,660,8
Chitradurga,-0.116962336,406,5
Supaul,-0.1171782,308,4
Khordha,-0.117341,383,6
Hardoi,-0.12376353,308,4
Kalaburagi,-0.124685526,1986,24
Sambalpur,-0.12665085,689,11
Cuttack,-0.12724788,310,5
Gurdaspur,-0.12992124,332,4
Tinsukia,-0.13415007,189,3
Bahraich,-0.1382362,413,5
Puri,-0.13912457,442,7
Thanjavur,-0.14003707,237,3
Mandya,-0.14079894,834,10
Tiruvannamalai,-0.14097872,611,8
Khagaria,-0.14104725,236,3
Sirmaur,-0.14459494,738,9
Hoshiarpur,-0.14597736,578,7
Erode,-0.14609295,1934,24
Kancheepuram,-0.15004337,727,9
Viluppuram,-0.154171,983,13
Coimbatore,-0.16165864,857,11
Guntur,-0.16232602,1409,17
Tiruppur,-0.16368933,873,11
Srikakulam,-0.16654465,1262,15
Shrawasti,-0.16691591,578,7
Tumkur,-0.16719063,835,10
Pathankot,-0.1674437,407,5
Pilibhit,-0.17073815,324,4
Prakasam,-0.1709611,586,7
Chittoor,-0.17179006,744,9
Kangra,-0.17256482,1081,13
Perambalur,-0.17906316,403,5
Mandi,-0.17928018,497,6
Dharmapuri,-0.18230547,319,4
Kheri,-0.18437913,407,5
Tiruchirappalli,-0.18844092,598,8
Dindigul,-0.19677222,1175,15
Davanagere,-0.20262988,490,6
Gadag,-0.20351899,499,6
Visakhapatnam,-0.20383355,1753,21
Vizianagaram,-0.20974459,1086,13
Namakkal,-0.21099937,1284,16
Ropar,-0.21825893,420,5
Una,-0.21882185,736,9
Tiruvallur,-0.24960315,306,4
Bangalore rural,-0.25181073,329,4
Solan,-0.30077162,240,3
