State,District,nearest_node,bilinear,buffer_25km,buffer_50km
Andhra pradesh,Anantapur,-0.03390227192976115,-0.0343144769358772,-0.034317804811196936,-0.0331286942265228
Andhra pradesh,Chittoor,-0.06476947363567742,-0.06438940672277385,-0.06449990890602947,-0.057563998853375244
Andhra pradesh,Cuddapah,-0.10883156894141889,-0.10862250039022402,-0.10936690873511903,-0.10917673439620544
Andhra pradesh,East godavari,0.039778716877257814,0.03943242476779378,0.03797416975987347,0.03406239456958771
Andhra pradesh,Guntur,0.017858318058139675,0.019827356016610023,0.02017455248375356,0.0255618083004908
Andhra pradesh,Kurnool,-0.028112749836100764,-0.02596535109863691,-0.025762925013356922,-0.022714367120984066
Andhra pradesh,Nellore,-0.004246970744248957,-0.0025201108461789545,-0.0027924582634871594,-0.0023279721085163723
Andhra pradesh,Prakasam,-0.00969289922811928,-0.015309124274236863,-0.018590187362028603,-0.02897412465895284
Andhra pradesh,Srikakulam,-0.021708744464990874,-0.022552434305024793,-0.022316271080025523,-0.0170660742854275
Andhra pradesh,Visakhapatnam,-0.026124780446226546,-0.02604120598415539,-0.025860153881391075,-0.028294549317849815
Andhra pradesh,Vizianagaram,-0.008384660557073808,-0.00849409448719729,-0.01194286454654602,-0.013435408384329826
Andhra pradesh,West godavari,0.06997519070553394,0.07338977780174316,0.07400692048738436,0.07613100025102773
Assam,Nagaon,0.04441119403540285,0.047780593899762684,0.04941678609246606,0.043581222607991625
Assam,Tinsukia,-0.029813732784746767,-0.030332211006209933,-0.030419363018789343,-0.024282351045613545
Bihar,Begusarai,-0.018548506094481155,-0.01516737863900236,-0.014739058300132347,-0.016368130155547965
Bihar,Bhagalpur,0.13730976656019794,0.12623283788211273,0.1212569705825146,0.13969064438277543
Bihar,Khagaria,0.011085816387891242,0.00649415522420138,0.00876319208272558,-0.006345618160034064
Bihar,Munger,0.048151698441398896,0.04363836745305863,0.044291109256122625,0.03439800446160165
Bihar,Muzaffarpur,0.10538027875278402,0.10608791609967425,0.10840839926045459,0.1081354443251185
Bihar,Nalanda,0.028323230262498302,0.024139623909159566,0.026931013783476114,0.02960139679707806
Bihar,Saran,-0.008172301815122596,-0.011655379017624659,-0.015263213134968538,-0.013232573115652364
Bihar,Supaul,0.03237097631897861,0.031111497529261886,0.03234143417287205,0.027153292013818612
Bihar,Vaishali,0.00718214323543691,0.008876625007632491,0.015076730111963041,0.0220486626046553
Chhattisgarh,Balodabazar,-0.05072178746364585,-0.049021383849045766,-0.04875905559742351,-0.05058981401809076
Chhattisgarh,Bastar,-0.02870634221700204,-0.030544634425795254,-0.025893079431353862,-0.027746425741137636
Chhattisgarh,Dhamtari,-0.019032155113428057,-0.01688051816495068,-0.015168940391019596,-0.01064013971708635
Chhattisgarh,Durg,-0.04556313175302924,-0.04544931849135435,-0.04564031607295945,-0.05301547002785362
Chhattisgarh,Gariaband,-0.021002852788426927,-0.02266890902876444,-0.02330740254200246,-0.02588534884364629
Chhattisgarh,Gaurella pendra marwahi,0.10150034427175625,0.09535605822932555,0.09543705732618105,0.09427414130113496
Chhattisgarh,Janjgir - champa,0.006983138672201132,0.006411218634949131,0.005276770192205157,0.005684372959365812
Chhattisgarh,Jashpur,0.03508896748929004,0.03476517852759027,0.03284672303759276,0.03390442804939366
Chhattisgarh,Korba,0.025658819578464883,0.026249968772735607,0.025335464799483575,0.022560858062991893
Chhattisgarh,Koriya,0.012164309294523478,0.01374847512136937,0.014435845898633459,0.017041879827645864
Chhattisgarh,Mahasamund,-0.003635941040586196,0.0005619053246693026,-0.0008294748633650714,-0.005115808600096012
Chhattisgarh,Raigarh,-0.030442343851076525,-0.03347935692259011,-0.03440241233998841,-0.031838713546999645
Chhattisgarh,Raipur,-0.013951336448394505,-0.013791334311504174,-0.013949296503925224,-0.009454911906925696
Chhattisgarh,Rajnandgaon,0.06677458372030044,0.0585068719226352,0.055319085335731745,0.049872351812957946
Chhattisgarh,Surguja,0.06118185463981501,0.05904455427384186,0.058205507921651974,0.05478811971472166
Delhi,North west,-0.06103802320619437,-0.06317773717243186,-0.06464700251479759,-0.07075843223153952
Gujarat,Ahmedabad,-0.1833712007862035,-0.17872808813524924,-0.17801297646274336,-0.17392324600582415
Gujarat,Amreli,-0.2131730342508502,-0.2149884636798837,-0.21433228016760394,-0.21436996775013153
Gujarat,Anand,0.052082127265732504,0.05953676938714369,0.061115807604346206,0.06786311033105683
Gujarat,Banaskantha,-0.17675447010755146,-0.17666277368684355,-0.17654309398610832,-0.1779296438911197
Gujarat,Bharuch,-0.08120485216301761,-0.08040850832283879,-0.08069274949915287,-0.08216745503728176
Gujarat,Bhavnagar,-0.12578701501401318,-0.12379654256233832,-0.12260295183777133,-0.12093423691508409
Gujarat,Dang,-0.048225550635332085,-0.047798606049115934,-0.047979921636436496,-0.034059840551143965
Gujarat,Dohad,-0.15391133400849416,-0.14967790979237816,-0.1468763145438218,-0.13317626965603596
Gujarat,Jamnagar,-0.09429606649420394,-0.09417589236287416,-0.09425604417782926,-0.09329084635645975
Gujarat,Junagadh,-0.07181512959523922,-0.07227304112994822,-0.07192867254153473,-0.07183463783748381
Gujarat,Kachchh,-0.04496238649583294,-0.04585174290550819,-0.04571970072089266,-0.04499100156979
Gujarat,Kheda,-0.08313856003956513,-0.08233557785331826,-0.08248594708947193,-0.06887228839808403
Gujarat,Mahesana,-0.1658020895404036,-0.16888930481063139,-0.16703854188423634,-0.15826984297491845
Gujarat,Narmada,0.060764703806974976,0.061649987470042744,0.057363355147916746,0.06152187593351238
Gujarat,Navsari,-0.07481882145794996,-0.07318467969800382,-0.07493918174243779,-0.07388926390659722
Gujarat,Panchmahals,-0.05320439990159993,-0.05345789977318346,-0.0540560311652971,-0.058515054480229964
Gujarat,Porbandar,-0.09095210304238888,-0.09135985015255987,-0.09088903202573155,-0.08819691010431596
Gujarat,Rajkot,-0.13966249512877907,-0.13657336152157032,-0.13625369815838223,-0.13511507819754903
Gujarat,Sabarkantha,-0.3481370906605825,-0.3456928563019472,-0.3457492047597713,-0.3455320516865093
Gujarat,Surat,0.015076346033441688,0.01500858919068362,0.01415195631812839,0.015368448920804896
Gujarat,Surendranagar,-0.05306048092997303,-0.0520022012584672,-0.05125573764350326,-0.05035004125187128
Gujarat,Vadodara,-0.06723667155134108,-0.0660402775817309,-0.06600291664570475,-0.06885954069454409
Gujarat,Valsad,0.004270907038768508,0.004098793418446086,0.004428297335495271,0.00534546595627143
Haryana,Bhiwani,-0.030430899574358718,-0.029121888990513427,-0.030163213166576365,-0.011696146413444868
Haryana,Jind,0.03938179514657652,0.028797095592048755,0.015639343230194343,0.03235623937672256
Haryana,Rohtak,-0.027859417661310146,-0.03647519331450908,-0.037380905512655604,-0.04904926124938092
Haryana,Sirsa,0.09539992275458714,0.0996422136521484,0.1006824520383322,0.09833926917598143
Himachal pradesh,Kangra,0.004187308907437346,0.010785071689996817,0.01364852226974749,0.01751876729426478
Himachal pradesh,Mandi,-0.024497039072884207,-0.0035204900126079033,0.003174117151903042,0.025917435026161367
Himachal pradesh,Sirmaur,-0.12783245348873465,-0.12668537894647316,-0.1266359455807182,-0.1210016478570147
Himachal pradesh,Solan,0.16243160424360367,0.16597303936129387,0.1652327618989829,0.1485575294963048
Himachal pradesh,Una,0.04003712245108526,0.03970549769538273,0.04315878904393901,0.036738027639607186
Jharkhand,Dumka,-0.025642171765124986,-0.02584743936284205,-0.02582678490222925,-0.030550234388420052
Jharkhand,Giridih,-0.10363831777649696,-0.10637553311843036,-0.10738430968135672,-0.10271498077608272
Jharkhand,Gumla,0.0008682245736434316,0.000471273830992881,-0.0002527322901201647,-0.0074207636158724775
Jharkhand,Hazaribag,-0.05537535588233062,-0.053818847123739175,-0.05511729967021098,-0.05613245045568219
Jharkhand,Palamau,0.03680752486974475,0.04002141492683109,0.038518104068264766,0.02840154098331822
Karnataka,Bagalkote,-0.07957717955118347,-0.07722755295668901,-0.07985846976414056,-0.06894592287090402
Karnataka,Ballari,0.023903343298812767,0.030448690064299525,0.035532433998327374,0.03039376055991472
Karnataka,Bangalore rural,-0.09708879912025055,-0.09639752510710208,-0.0967115638157137,-0.09584896790262028
Karnataka,Bangalore urban,0.45241251120964465,0.4483004922980223,0.44242546714915343,0.4429148220895827
Karnataka,Belgaum,-0.04704023961078748,-0.044281815382827786,-0.04629633271913601,-0.04429211687093389
Karnataka,Bijapur,-0.029437269901019348,-0.0289478604545435,-0.02813618467067532,-0.02851607716878945
Karnataka,Chitradurga,-0.11640099112752599,-0.12289196888877063,-0.1237321233674399,-0.13160935544731103
Karnataka,Dakshin kannada,0.03732269860003543,0.03889350592395957,0.03943512265618162,0.046884289129569656
Karnataka,Davanagere,-0.1315218353660442,-0.15411167239335571,-0.15282029432470023,-0.12040706087312393
Karnataka,Gadag,-0.13118035456805455,-0.1442200647038162,-0.14695739340133998,-0.1372952359882486
Karnataka,Kalaburagi,-0.00759312051058814,-0.006017080794902566,-0.00540556193558654,-0.004667273986153846
Karnataka,Kodagu,0.0689465912950001,0.06976492448779807,0.06756501618316782,0.06511026216179248
Karnataka,Mandya,0.06821591884623315,0.06548586008527053,0.0625604516099843,0.06922972708063369
Karnataka,Mysore,0.15313233468636891,0.14988269917684974,0.14636452098095132,0.1559381328927708
Karnataka,Raichur,-0.04693526294627447,-0.053209696960589276,-0.05755380034666722,-0.05934032292130329
Karnataka,Shivamogga,-0.023792928595998474,-0.020319467017857352,-0.02039706566799963,-0.014661840752575971
Karnataka,Tumkur,-0.0051274338870182104,-0.002236693154071064,-0.0042309096111481604,-0.0023613756458714507
Karnataka,Udupi,0.060539319657793515,0.07144466401167769,0.07847136528394835,0.09315825055358093
Karnataka,Uttara kannada,0.02131658904370849,0.014121628395348355,0.015480763000284342,0.016132595464641908
Kerala,Ernakulam,0.025818044828380945,0.026639153354660886,0.026525013488306663,0.03645375585482213
Kerala,Kannur,0.013369353204557236,0.01458183958660782,0.015328276295498293,0.031183027293133825
Kerala,Kasaragod,0.0018605431735090948,0.005802719302674848,0.009037661816568798,0.005651300857387308
Kerala,Kozhikode,0.07676217725739698,0.07853491187769082,0.07817175681083563,0.08178358630016183
Kerala,Malappuram,0.04550905903008609,0.05102574098856478,0.052703696917022876,0.06614700480954656
Kerala,Palakkad,0.09979755896452756,0.10467763380437727,0.1058861030128666,0.10336818494231195
Kerala,Thrissur,0.04472862090744806,0.04511405599597259,0.042347269055899084,0.04859439265032548
Kerala,Trichur,0.044927323970629894,0.04701317845564678,0.048055491109107104,0.052947820885331176
Kerala,Wayanad,0.05951915761544552,0.06226948672815375,0.05899185070375482,0.06688932707544733
Madhya pradesh,Agar malwa,-0.15326963107832525,-0.1532455876307918,-0.15254050532949875,-0.15117473021346145
Madhya pradesh,Alirajpur,-0.09288400843464037,-0.09754670889835775,-0.09945862723363813,-0.10098837171256184
Madhya pradesh,Anuppur,0.04460342378913281,0.04169045265938211,0.041806509186811724,0.04349713210259655
Madhya pradesh,Ashok nagar,-0.11554049796474403,-0.10974560707967651,-0.10938280622334301,-0.11137348065704154
Madhya pradesh,Balaghat,-0.03503885279444543,-0.03875991906890186,-0.03939671562207547,-0.044844689248181996
Madhya pradesh,Barwani,0.0016983868438315978,0.003566765065150909,0.0029065758196373374,0.00787415978684655
Madhya pradesh,Betul,0.022777683109432185,0.022945540548229355,0.02369560105235232,0.022294995095972638
Madhya pradesh,Bhind,-0.1437777200144469,-0.14475244435136173,-0.14513182489311388,-0.14357492913620373
Madhya pradesh,Bhopal,-0.014299190162234106,-0.012025699157424435,-0.009842110423700458,-0.00896229636857268
Madhya pradesh,Burhanpur,0.03538837743199966,0.028574733614358642,0.02595193338798892,0.01617125558768175
Madhya pradesh,Chhatarpur,0.0033772981214413955,0.0033676645692874005,0.004078891317562353,0.0038309393254153173
Madhya pradesh,Chhindwara,0.011807053703662128,0.01215683831047541,0.012984130064850904,0.007993620467451518
Madhya pradesh,Damoh,0.024493005596877487,0.02343465920967603,0.022639344941891248,0.01788304520262772
Madhya pradesh,Datia,-0.04188758569414235,-0.043990508749284125,-0.04046536488917389,-0.03794337778713766
Madhya pradesh,Dewas,-0.0691164975052507,-0.06904810750107664,-0.06887634805780478,-0.06841090550181549
Madhya pradesh,Dhar,-0.030702787222978103,-0.03126744627362798,-0.03147719554342266,-0.0301267471539561
Madhya pradesh,Dindori,0.09654309716651166,0.08693249237205056,0.08473150949104888,0.07735494897437446
Madhya pradesh,East nimar,-0.013404368280017547,-0.012107585673154396,-0.01101154626706081,-0.010393770367808086
Madhya pradesh,Guna,-0.06107865086934057,-0.061042943668392934,-0.06118870146794988,-0.05983768276779249
Madhya pradesh,Gwalior,0.04637406461335723,0.04791135193438164,0.04880613931777705,0.04780614524667752
Madhya pradesh,Harda,0.09976729215770565,0.09990488238049941,0.10163129943313591,0.10531198863571439
Madhya pradesh,Hoshangabad,0.07232109608326631,0.07165502598566546,0.07287941965876515,0.07130043032891492
Madhya pradesh,Indore,-0.021112203896285944,-0.021830702851305523,-0.020992115472722204,-0.012722355659783814
Madhya pradesh,Jabalpur,0.024215548881578723,0.02506070093931368,0.024741849059680507,0.022896200129579224
Madhya pradesh,Jhabua,0.003715401601561738,0.00737584752264059,0.009580691731180617,0.013508764290833012
Madhya pradesh,Katni,0.011593002680165864,0.012160443582587265,0.011211059962352665,0.01028801839388088
Madhya pradesh,Mandla,0.001405426646295387,-0.0014577167418795406,-0.001973624011790491,-0.0006116381202801111
Madhya pradesh,Mandsaur,-0.12599768529089395,-0.12813283671502596,-0.1276630976818506,-0.12598146099992083
Madhya pradesh,Morena,-0.14570384369022527,-0.14691563981631078,-0.1480400225656269,-0.14029090932689206
Madhya pradesh,Narsimhapur,0.012884973064160955,0.01563398405733679,0.018826107917408325,0.02021420480711776
Madhya pradesh,Neemuch,-0.1472981102871906,-0.14891616338358618,-0.14805467805261363,-0.14231330121899002
Madhya pradesh,Panna,0.014681288087654506,0.011776336714448077,0.010716733587873608,0.014318866235160165
Madhya pradesh,Raisen,0.02514461984472121,0.024491554879150727,0.024996569291661913,0.025474147826008875
Madhya pradesh,Rajgarh,0.004098957722546994,0.003961030535061635,0.0043475549660233455,0.003475359135282862
Madhya pradesh,Ratlam,-0.06245592183715935,-0.05778076803816728,-0.05536024184208448,-0.054323979560634686
Madhya pradesh,Rewa,0.029653724263599277,0.030084976010034944,0.029595516847137134,0.03382525803268611
Madhya pradesh,Sagar,-0.06208669536837634,-0.06307903226317604,-0.06364601953646215,-0.06242219205962859
Madhya pradesh,Satna,0.030896430006630664,0.03212141225420986,0.03147009140995462,0.029348956944413113
Madhya pradesh,Sehore,-0.0691402626945255,-0.06974673306883165,-0.06934511002512907,-0.06660449213290098
Madhya pradesh,Seoni,-0.013081319427699988,-0.011825082113952156,-0.010502511765157539,-0.013707356712418005
Madhya pradesh,Shahdol,0.08436711063577314,0.08485502952231957,0.08468467256605383,0.08595840651528926
Madhya pradesh,Shajapur,-0.022692753208875895,-0.023802372494634166,-0.023281654669668302,-0.01876995138665323
Madhya pradesh,Sheopur,-0.1022817587908873,-0.10537892314898636,-0.10492176209695354,-0.09540293443162984
Madhya pradesh,Shivpuri,-0.07322542391306543,-0.07231139008063377,-0.07129307572927122,-0.07231191010127593
Madhya pradesh,Sidhi,-0.008714726379870107,-0.008270512062674136,-0.008217255538386455,-0.013863276339013436
Madhya pradesh,Singrauli,-0.04081587289439818,-0.03986673874419699,-0.03813153005902985,-0.04316959736565275
Madhya pradesh,Tikamgarh,0.005577496476362314,0.003323362870110535,0.0042620919732055266,-0.002328914126247508
Madhya pradesh,Ujjain,-0.0781100789229404,-0.07688353337839876,-0.07603535449563595,-0.07384289159334309
Madhya pradesh,Umaria,0.1017445994368532,0.10395659017609495,0.10436513074968151,0.09702322600582064
Madhya pradesh,Vidisha,-0.02836288589985106,-0.024508100078767168,-0.024290357977095767,-0.019808729799380993
Madhya pradesh,West nimar,-0.044003915115879505,-0.04224101030797474,-0.04205596824727257,-0.03787304618458251
Maharashtra,Amravati,-0.05146495065072312,-0.053197843838961416,-0.05479741332756577,-0.04985161097885828
Maharashtra,Beed,0.024182695132577828,0.023246868327624043,0.023261667514884364,0.025942729647661047
Maharashtra,Bhandara,-0.004452959678091844,-0.005647721663297385,-0.005239710923218175,-0.00791258889498635
Maharashtra,Chandrapur,-0.004771263503368564,-0.004414718133322817,-0.004664253765545033,-0.0038786026621188447
Maharashtra,Gadchiroli,-0.004357210738527474,-0.003746205609760351,-0.0032325594484682325,-0.007001383388233149
Maharashtra,Gondia,-0.038598597955383965,-0.042219742483965234,-0.04556523396572728,-0.05065467346246735
Maharashtra,Kolhapur,-0.01634519475182424,-0.01597425624999461,-0.01766097989443713,-0.0076975819155902835
Maharashtra,Nagpur,-0.023961196741950866,-0.02344533776887656,-0.022896881491241368,-0.015334752954012477
Maharashtra,Palghar,0.059676936040768847,0.06126438038168097,0.06215354784586445,0.062167986094019155
Maharashtra,Pune,-0.03991588182021178,-0.04054860592161693,-0.04106036078637921,-0.04375687003881155
Maharashtra,Raigad,0.04385210869689003,0.04671806449562582,0.04707989175053999,0.04724070147052934
Maharashtra,Ratnagiri,0.06257030811173422,0.06608973088873395,0.06904587059543033,0.07501640146491169
Maharashtra,Satara,0.005158608037857165,0.003491312790385946,0.003223376341013355,0.0005594521046186747
Maharashtra,Sindudurg,0.07726475200422317,0.0836701247081819,0.08761463847538073,0.09287578620839401
Maharashtra,Thane,0.049528013672513554,0.05089777816655995,0.05152191669427131,0.05967778234560856
Maharashtra,Wardha,-0.015167663064118526,-0.014987433120481305,-0.014806379611114443,-0.016841855147590203
Odisha,Anugul,-0.014117086299635092,-0.018327926559387166,-0.02006705104486648,-0.03017083352799067
Odisha,Balangir,-0.07295842731737193,-0.06744267952171376,-0.06442484731198138,-0.06502198882993787
Odisha,Bargarh,-0.06766154712065515,-0.06766677885384685,-0.06751080702122982,-0.07022644787288887
Odisha,Baudh,-0.0018076789247989528,-0.004269102629778446,-0.0024252235930957715,-0.0010816472277226396
Odisha,Cuttack,-0.035765395541461874,-0.031189070364217215,-0.028375259403972192,-0.013760247290573444
Odisha,Dhenkanal,-0.05682132335590653,-0.06165549178728331,-0.060873683487836526,-0.060931858850708474
Odisha,Gajapati,0.012853327516419944,0.017074905428591042,0.01754094686375791,0.025734170113468336
Odisha,Ganjam,0.020285169676247095,0.021561788004705276,0.021640109160340933,0.020766423350743437
Odisha,Kalahandi,-0.023913430622110293,-0.024441313119198442,-0.022261128304891194,-0.025163885670588925
Odisha,Kendujhar,-0.03861285491775253,-0.04033512526869647,-0.040303861220005226,-0.04366235871931621
Odisha,Khordha,-0.03754590041510767,-0.03821684536031884,-0.03811664357890672,-0.043205079369860254
Odisha,Koraput,0.017295455567627488,0.015043231150964679,0.014303396497264859,-0.005051253306829012
Odisha,Mayurbhanj,-0.025152928202051006,-0.02398402145320446,-0.021480949087318485,-0.02572836651704383
Odisha,Nayagarh,-0.05686078229281549,-0.052870729628479655,-0.04759335428178645,-0.050639309124015375
Odisha,Puri,-0.003058603403863416,-0.00025298752075452786,-0.001575730504009432,-0.0008541011040837801
Odisha,Rayagada,0.028546486625168233,0.024470774339099898,0.02683390614763614,0.021353106839066372
Odisha,Sambalpur,-0.030078944300704166,-0.032644709239805024,-0.034581119024933445,-0.03315421437426502
Odisha,Sonapur,-0.025960110442758196,-0.029667446205282888,-0.02967116659828236,-0.028647462008469474
Odisha,Sundargarh,0.011734311427796932,0.014702042309996879,0.014282498283281663,0.010820165692322631
Punjab,Bathinda,0.2192867674273081,0.22136450065885357,0.21995506513038365,0.21803473189491226
Punjab,Faridkot,0.2273972655649214,0.22659059654135677,0.22604609892416452,0.21646404219613496
Punjab,Fazilka,-0.19487943705379407,-0.19320836916163836,-0.19524306301674013,-0.17405328382622998
Punjab,Gurdaspur,0.01808825344727285,0.023051895302526052,0.028331492678819924,0.03548964067666984
Punjab,Hoshiarpur,0.08601938368069784,0.08564491502179587,0.08680439417871001,0.09970788853831017
Punjab,Pathankot,0.024439702040017105,0.032770511482684166,0.035886226987831914,0.040499593620635654
Punjab,Ropar,0.07188753637664408,0.07757507397845337,0.08221713683340637,0.07811923675292057
Tamil nadu,Coimbatore,-0.15757089106848862,-0.15004080273421,-0.1512675802580499,-0.13483458519850275
Tamil nadu,Dharmapuri,-0.12578350967970867,-0.11647833073329733,-0.11260983443371808,-0.0992600181720561
Tamil nadu,Dindigul,0.055759675559222455,0.05363935789395646,0.0522588509642249,0.04974600277946025
Tamil nadu,Erode,0.04947705031238662,0.05036130267153243,0.05113389811675741,0.05223507904573338
Tamil nadu,Kancheepuram,0.01759467322166923,0.020166045108628967,0.020712460559143147,0.03421101900075118
Tamil nadu,Namakkal,0.03337946480741961,0.03512335598356379,0.03567630794332401,0.03527213070728076
Tamil nadu,Nilgiris,0.04725331210551328,0.05707221495246975,0.06139523473533824,0.07657141717360168
Tamil nadu,Perambalur,0.030246947828112932,0.030849141520981116,0.030076305461389428,0.032054965214417315
Tamil nadu,Pudukkottai,0.05700515968818089,0.05512026814456926,0.05746092440090835,0.05899043076438929
Tamil nadu,Salem,0.1076008354747004,0.10975855245729114,0.11200066493908672,0.1114117703809182
Tamil nadu,Thanjavur,-0.03338508283381207,-0.031063044004162915,-0.03030587868573906,-0.02667935246288257
Tamil nadu,Tiruchirappalli,0.02589650590193271,0.026121695579761014,0.026328283561694005,0.025445439732049702
Tamil nadu,Tiruppur,-0.04296830275960596,-0.04451460675097502,-0.04708531851115918,-0.03962993775405475
Tamil nadu,Tiruvallur,0.05422617159929593,0.056627114989432896,0.05855091740692782,0.06074483452485399
Tamil nadu,Tiruvannamalai,0.035430605749285415,0.035398907584097916,0.035862094718064515,0.03948435845949575
Tamil nadu,Vellore,-0.02794516908227641,-0.027159964573129327,-0.027651851672987074,-0.024172609570684858
Tamil nadu,Viluppuram,0.008307790903233775,0.008788935236120529,0.008990838909447215,0.01428586570368285
Telangana,Adilabad,-0.0064380512861222676,-0.007937999513211206,-0.008131307126798411,-0.00949615747369682
Telangana,Karimnagar,-0.012219894028591657,-0.010409931614607633,-0.007883021710136969,-0.004836981132865128
Telangana,Khammam,-0.006957768231986829,-0.003106844499122872,-0.003087641327996283,-0.0007041124180410603
Telangana,Mahbubnagar,-0.12527546256223057,-0.12753497805787378,-0.12614042493938388,-0.12931438874034779
Telangana,Medak,-0.06780626161914384,-0.07079472570111242,-0.07225923649839165,-0.0719515864125321
Telangana,Nalgonda,-0.0724069208177838,-0.07069449115279365,-0.06962481417809084,-0.06466252884264097
Telangana,Nizamabad,-0.07645800498710269,-0.07788241604538604,-0.07791324893575717,-0.07687482642692074
Telangana,Ranga reddy,-0.044856700334538174,-0.05279554739982849,-0.05531079948306151,-0.046218314131461255
Telangana,Warangal rural,-0.02110589206661687,-0.018460478623964164,-0.017747964147589574,-0.014456245481114639
Uttar pradesh,Aligarh,-0.011954135387291854,-0.011742459729072226,-0.013514215532150632,-0.01381202507833685
Uttar pradesh,Allahabad,-0.019935195002512864,-0.009840006924515947,-0.007676009781163197,-0.004896708861715418
Uttar pradesh,Auraiya,0.0693216416009164,0.0870173259681496,0.09806988905535918,0.09417273247200462
Uttar pradesh,Ayodhya,0.05669463313873765,0.04746664575826043,0.040130912637896594,0.04150765644805485
Uttar pradesh,Azamgarh,0.04324911001606986,0.03931697136086421,0.03626889234293707,0.034163944851599924
Uttar pradesh,Bahraich,0.03911604576340951,0.03779728395568918,0.0378000730291189,0.03170721582422181
Uttar pradesh,Ballia,-0.014398686332280745,-0.01599622972529951,-0.014066935398093977,-0.022981128930737713
Uttar pradesh,Balrampur,0.010138888263112454,0.008407664668217539,0.007382254766028112,0.005350714726647475
Uttar pradesh,Banda,0.016833503645432766,0.01494370143034018,0.01603805977733894,0.017515731463109457
Uttar pradesh,Barabanki,0.09712679420874995,0.10112928255422998,0.10003461434851091,0.08919146711991956
Uttar pradesh,Bareilly,0.04796887523617803,0.06864735074769213,0.07049059846783647,0.0634843155577556
Uttar pradesh,Basti,0.010201298084068241,0.012162744210099663,0.0144540636918985,0.011270374165686515
Uttar pradesh,Chandauli,-0.029502582835487724,0.0017448998931894031,0.00972278579709799,-0.004472415151502352
Uttar pradesh,Chitrakoot,0.15542340866872628,0.1555988592575411,0.15596001161015408,0.15809812434764445
Uttar pradesh,Deoria,0.0009505822327669143,-0.00185420020790421,-0.004917596558955024,-0.00933287739555997
Uttar pradesh,Ghazipur,0.03247441218892952,0.026405961895681212,0.019032860109092196,-0.0018470232694441217
Uttar pradesh,Gonda,0.023643440456561707,0.023408955278940432,0.01812862468467074,0.017775289845172404
Uttar pradesh,Hardoi,0.050394957972228496,0.04784689010236572,0.04870049456517489,0.03999871151982403
Uttar pradesh,Jaunpur,-0.022763287885185276,-0.02183140115927158,-0.017632487031496433,-0.003676372615468074
Uttar pradesh,Kanpur dehat,0.28726746991522417,0.2599268353192336,0.26064063616958993,0.2571887642192313
Uttar pradesh,Kanpur nagar,0.028721180612083726,0.01598537572990662,0.011803883329644929,-0.009765592435116306
Uttar pradesh,Kheri,0.0055213522130454174,0.00339215743274241,0.0031414120037866838,-0.002508867088553245
Uttar pradesh,Kushinagar,-0.030135900920338802,-0.03573227566422129,-0.03549754445412543,-0.024407405258487516
Uttar pradesh,Lucknow,0.06040206031503071,0.06588048164672869,0.0648319079594955,0.06424533535092024
Uttar pradesh,Maharajganj,-0.015325328154336062,-0.013845620396339745,-0.012415863126626391,-0.014038907207346457
Uttar pradesh,Mahoba,-0.017830194203791696,-0.018095471353563687,-0.01785349543984805,0.0069521667018701445
Uttar pradesh,Mainpuri,-0.010931775026638045,0.0006095304774489631,0.0057736895567344956,0.020868966132637324
Uttar pradesh,Mathura,0.08788378241057536,0.08515060420819368,0.08659964339814774,0.10719457493044615
Uttar pradesh,Mirzapur,0.04920017215125882,0.044088615243378294,0.04315557940442227,0.03132145140723697
Uttar pradesh,Pilibhit,0.05734108966581699,0.06427256390109885,0.06542161397315888,0.07201361526684615
Uttar pradesh,Pratapgarh,0.09407067805760563,0.09634858118805668,0.09482710232192224,0.08150902745840763
Uttar pradesh,Praygraj,0.008111255996896086,0.004199277015262872,0.0038245186263864907,0.008554963813293829
Uttar pradesh,Raibareli,0.01996961810232922,0.017452649054411587,0.0178872871129282,0.017996932552137794
Uttar pradesh,Shrawasti,0.007060238307868193,0.01063654293849045,0.013228654416917717,0.017251016899737848
Uttar pradesh,Siddharthnagar,-0.022698773459488546,-0.023099756831562773,-0.02424763054475879,-0.022128695061780532
Uttar pradesh,Sitapur,0.084643592672572,0.08276635432083697,0.08082008812612054,0.09234070420589892
Uttar pradesh,Sonbhadra,-0.024779167637119525,-0.0250705324685745,-0.0247419773332133,-0.03196498310410581
Uttar pradesh,Sultanpur,0.07616146654404453,0.07427803180290245,0.07498720276501587,0.07637195743790202
Uttar pradesh,Unnao,0.040020989660443866,0.043953804996555025,0.04541935436978421,0.05895921696124838
Uttar pradesh,Varanasi,0.009382793561939292,0.0025187984222914874,0.0019106005555354739,0.006862599719405424
West bengal,Bankura,0.012305411985102228,0.01146653853941691,0.010761230508838043,0.004306607681419455
West bengal,Birbhum,-0.04557924835990817,-0.0428514309708444,-0.042805091008875376,-0.04386655429797164
West bengal,Jalpaiguri,0.004668526282200476,0.0178392354427337,0.02579557805732567,0.023745651281520962
West bengal,Maldah,-0.054306601137296226,-0.05448822726607603,-0.05457761722572917,-0.05483077714836948
West bengal,Nadia,0.0029007523476443616,0.0029153129574593906,0.0017417593559516677,0.0013649300776182778
West bengal,Paschim bardhaman,-0.03753906798186681,-0.038917118032409485,-0.039031046805439444,-0.03750181465345655
West bengal,Purba bardhaman,0.2590402520164647,0.25792759955706845,0.25628160629728625,0.25227090975331523
West bengal,Puruliya,0.01478656400665476,0.009980540563523667,0.009398741992839754,0.010010050406588615
West bengal,South 24 parganas,0.12610521397113392,0.1296658525147083,0.13318100812056263,0.14037820849972538
